{"stats":{"minecraft:broken":{"minecraft:leather_leggings":1,"minecraft:iron_boots":1,"minecraft:iron_chestplate":1,"minecraft:iron_leggings":2,"minecraft:wooden_axe":1,"minecraft:diamond_sword":1,"minecraft:leather_chestplate":1,"minecraft:shield":1,"minecraft:leather_boots":1,"minecraft:iron_pickaxe":1,"minecraft:iron_helmet":3},"minecraft:crafted":{"minecraft:oak_planks":140,"minecraft:stone":24,"securitycraft:keypad_item":3,"minecraft:lever":1,"minecraft:diamond_shovel":1,"minecraft:heavy_weighted_pressure_plate":3,"minecraft:cooked_mutton":10,"securitycraft:laser_block":1,"minecraft:glass":88,"minecraft:iron_boots":1,"minecraft:chest":6,"minecraft:iron_door":3,"alexsmobs:cooked_catfish":3,"minecraft:birch_button":2,"minecraft:deepslate":20,"minecraft:cooked_porkchop":15,"minecraft:crafting_table":11,"minecraft:spruce_planks":112,"minecraft:wooden_pickaxe":1,"minecraft:iron_helmet":1,"minecraft:birch_planks":188,"minecraft:iron_chestplate":1,"minecraft:diamond_pickaxe":1,"minecraft:stick":68,"minecraft:iron_pickaxe":3,"minecraft:iron_ingot":63,"minecraft:stone_sword":1,"minecraft:gold_ingot":3,"securitycraft:universal_block_reinforcer_lvl1":1,"minecraft:golden_carrot":78,"minecraft:cherry_planks":4,"minecraft:wooden_sword":3,"minecraft:oak_door":3,"minecraft:jukebox":1,"minecraft:furnace":9,"minecraft:stone_button":24,"minecraft:bone_meal":114,"minecraft:white_carpet":3,"minecraft:iron_axe":1,"minecraft:stone_pickaxe":2,"minecraft:dark_oak_planks":4,"minecraft:lead":8,"sophisticatedbackpacks:iron_backpack":3,"minecraft:cooked_beef":10,"minecraft:diamond_sword":1,"minecraft:mangrove_planks":8,"minecraft:bucket":9,"minecraft:dark_oak_button":1,"minecraft:jungle_planks":4,"minecraft:bread":1,"minecraft:air":0,"minecraft:oak_boat":1,"minecraft:golden_apple":3,"minecraft:gold_nugget":657,"minecraft:wooden_axe":2,"minecraft:iron_leggings":1,"minecraft:white_bed":3,"minecraft:torch":88},"minecraft:dropped":{"minecraft:nether_brick_stairs":1,"minecraft:brown_mushroom":1,"minecraft:cooked_beef":1,"minecraft:oak_log":20,"minecraft:glass_bottle":1,"minecraft:crafting_table":1,"minecraft:cooked_porkchop":5,"born_in_chaos_v1:sea_terror_stomach":1,"minecraft:cracked_polished_blackstone_bricks":1,"minecraft:dirt":355,"minecraft:dark_oak_log":2,"minecraft:chain":2,"minecraft:wooden_sword":5,"minecraft:writable_book":3,"born_in_chaos_v1:trident_hayfork":1,"minecraft:bone_meal":1,"minecraft:iron_pickaxe":1,"minecraft:birch_log":18,"minecraft:cauldron":1,"minecraft:bone":2,"minecraft:gravel":167,"minecraft:stone_axe":1,"minecraft:sugar_cane":9,"minecraft:golden_chestplate":1,"alexsmobs:animal_dictionary":1,"minecraft:cobbled_deepslate":67,"minecraft:birch_sapling":1,"minecraft:rotten_flesh":2,"minecraft:light_gray_carpet":2,"minecraft:cooked_mutton":5,"minecraft:carrot":69,"minecraft:leather_chestplate":1,"minecraft:tipped_arrow":1,"minecraft:gunpowder":2,"born_in_chaos_v1:corpse_maggot":12,"minecraft:ladder":2,"born_in_chaos_v1:diamond_termite_shard":1,"minecraft:iron_bars":14,"minecraft:arrow":8,"born_in_chaos_v1:intoxicating_decoction":2,"minecraft:wheat_seeds":33,"minecraft:cherry_log":1,"minecraft:poisonous_potato":1,"minecraft:feather":4,"minecraft:cobblestone":321,"minecraft:granite":8,"minecraft:tropical_fish":1,"minecraft:stick":3,"minecraft:deepslate_brick_stairs":1,"born_in_chaos_v1:river_mint":6,"minecraft:diorite":3,"minecraft:golden_carrot":9,"minecraft:torch":1,"minecraft:wooden_axe":2,"minecraft:cherry_planks":4,"minecraft:potion":1,"minecraft:string":3,"minecraft:moss_carpet":1,"alexsmobs:maggot":1,"minecraft:stone_sword":2,"minecraft:tuff":24,"minecraft:stone_shovel":1,"minecraft:chicken":3,"minecraft:iron_boots":1,"born_in_chaos_v1:charmof_fury":1,"minecraft:nether_bricks":1,"minecraft:spruce_boat":1,"minecraft:shield":1,"minecraft:iron_chestplate":1,"born_in_chaos_v1:spiny_shell":1,"minecraft:fire_coral":1,"minecraft:oak_boat":1,"minecraft:oak_sapling":4,"minecraft:stone_bricks":4,"minecraft:spider_eye":1,"minecraft:stone_pickaxe":2,"minecraft:wooden_pickaxe":1,"alexsmobs:shed_snake_skin":1,"minecraft:brick":3},"minecraft:killed":{"born_in_chaos_v1:zombie_clown":3,"minecraft:cave_spider":1,"alexsmobs:anaconda":1,"born_in_chaos_v1:restless_spirit":3,"born_in_chaos_v1:zombie_lumberjack":11,"born_in_chaos_v1:skeleton_demoman":3,"minecraft:spider":18,"born_in_chaos_v1:siamese_skeletonsright":4,"born_in_chaos_v1:baby_skeleton_minion":4,"minecraft:skeleton":35,"graveyard:acolyte":1,"minecraft:chicken":3,"minecraft:silverfish":1,"minecraft:skeleton_horse":1,"born_in_chaos_v1:bonescaller":1,"minecraft:pig":10,"minecraft:zombie_villager":13,"born_in_chaos_v1:diamond_termite":6,"born_in_chaos_v1:glutton_fish":1,"alexsmobs:seal":1,"minecraft:creeper":3,"minecraft:sheep":11,"born_in_chaos_v1:zombie_fisherman":5,"alexsmobs:flutter":3,"minecraft:zombie":58,"born_in_chaos_v1:dread_hound":15,"born_in_chaos_v1:corpse_fly":7,"minecraft:stray":2,"alexsmobs:roadrunner":1,"alexsmobs:fly":1,"born_in_chaos_v1:door_knight":2,"born_in_chaos_v1:siamese_skeletonsleft":6,"minecraft:cow":3,"born_in_chaos_v1:missioner":1,"graveyard:revenant":3,"alexsmobs:seagull":3,"minecraft:slime":3,"born_in_chaos_v1:thornshell_crab":1,"born_in_chaos_v1:zombie_bruiser":6,"born_in_chaos_v1:maggot":24,"alexsmobs:bison":1,"born_in_chaos_v1:corpse_fish":9,"born_in_chaos_v1:barrel_zombie":2,"born_in_chaos_v1:baby_skeleton":9,"minecraft:frog":1,"born_in_chaos_v1:decrepit_skeleton":20,"alexsmobs:catfish":2,"born_in_chaos_v1:bloody_gadfly":1,"alexsmobs:cockroach":3,"born_in_chaos_v1:dark_vortex":5,"born_in_chaos_v1:nightmare_stalker":1,"minecraft:wither_skeleton":1},"minecraft:killed_by":{"minecraft:zombie_villager":1,"born_in_chaos_v1:nightmare_stalker":1,"minecraft:pillager":1,"born_in_chaos_v1:zombie_bruiser":1,"graveyard:acolyte":1,"born_in_chaos_v1:phantom_creeper_copy":1,"minecraft:zombie":2,"alexsmobs:anaconda":1,"minecraft:vex":1,"minecraft:player":7,"minecraft:stray":2,"minecraft:spider":3,"born_in_chaos_v1:bonescaller":1,"apollyon:the_damned":2,"minecraft:skeleton":11,"born_in_chaos_v1:door_knight":1,"born_in_chaos_v1:missioner":8,"born_in_chaos_v1:dread_hound":2},"minecraft:picked_up":{"minecraft:iron_chestplate":1,"minecraft:wheat":7,"minecraft:chainmail_boots":1,"minecraft:redstone_block":7,"minecraft:lead":12,"minecraft:diamond_sword":1,"minecraft:enchanted_book":4,"minecraft:brewing_stand":1,"born_in_chaos_v1:black_argillite":2,"minecraft:polished_deepslate":1,"minecraft:music_disc_cat":1,"minecraft:string":33,"born_in_chaos_v1:mesh_door":1,"minecraft:raw_copper":53,"minecraft:iron_leggings":1,"minecraft:armor_stand":1,"minecraft:oak_sign":1,"minecraft:cobbled_deepslate":471,"born_in_chaos_v1:charmof_power":1,"minecraft:iron_pickaxe":3,"minecraft:furnace":4,"minecraft:mangrove_log":2,"minecraft:iron_boots":3,"minecraft:tipped_arrow":1,"minecraft:stick":14,"born_in_chaos_v1:shattered_skull":3,"minecraft:jukebox":1,"born_in_chaos_v1:phantom_powder":3,"minecraft:torch":22,"minecraft:acacia_log":1,"minecraft:porkchop":18,"minecraft:cherry_log":3,"minecraft:diorite":13,"born_in_chaos_v1:nightmare_claw":3,"minecraft:golden_chestplate":1,"minecraft:quartz_block":3,"minecraft:rotten_flesh":149,"minecraft:tropical_fish":1,"born_in_chaos_v1:sea_terror_eye":4,"minecraft:deepslate_brick_stairs":1,"minecraft:iron_bars":15,"minecraft:cobblestone":1022,"minecraft:nautilus_shell":1,"minecraft:birch_log":49,"minecraft:leather_chestplate":1,"minecraft:feather":6,"minecraft:cooked_beef":1,"minecraft:cherry_planks":4,"minecraft:jungle_log":1,"minecraft:andesite":20,"minecraft:black_bed":3,"minecraft:golden_leggings":1,"securitycraft:reinforced_deepslate":18,"minecraft:potato":1,"alexsmobs:bison_fur":2,"minecraft:flint":44,"minecraft:tuff":39,"born_in_chaos_v1:anluka_doors":1,"minecraft:wither_skeleton_skull":1,"minecraft:lapis_lazuli":41,"minecraft:dirt":1539,"minecraft:name_tag":4,"born_in_chaos_v1:monster_skin":15,"minecraft:leather_boots":1,"securitycraft:reinforced_stone_button":24,"minecraft:bone":99,"minecraft:acacia_planks":4,"minecraft:bow":2,"minecraft:wheat_seeds":45,"minecraft:raw_gold":59,"minecraft:bamboo":559,"minecraft:oak_planks":30,"minecraft:mossy_stone_brick_stairs":1,"minecraft:cooked_porkchop":4,"minecraft:poisonous_potato":1,"sophisticatedbackpacks:iron_backpack":1,"graveyard:mossy_cobblestone_gravestone":1,"minecraft:nether_brick_stairs":7,"minecraft:ink_sac":5,"minecraft:dark_oak_log":3,"graveyard:oak_coffin":1,"minecraft:polished_andesite":1,"minecraft:spruce_boat":1,"minecraft:diamond":28,"minecraft:slime_block":2,"minecraft:cracked_polished_blackstone_bricks":2,"minecraft:granite":12,"minecraft:bone_meal":76,"minecraft:golden_apple":9,"minecraft:golden_horse_armor":1,"minecraft:emerald":3,"minecraft:light_gray_carpet":2,"alexsmobs:maggot":1,"minecraft:oak_sapling":7,"born_in_chaos_v1:rotten_fish":27,"born_in_chaos_v1:sea_terror_stomach":1,"minecraft:charcoal":8,"minecraft:crafting_table":4,"born_in_chaos_v1:diamond_termite_shard":6,"minecraft:ladder":3,"minecraft:chicken":3,"born_in_chaos_v1:river_mint":8,"born_in_chaos_v1:seedof_chaos":1,"minecraft:leather_leggings":1,"minecraft:brown_mushroom":6,"minecraft:stone_brick_wall":1,"minecraft:chain":2,"minecraft:brick":3,"minecraft:shield":1,"minecraft:fire_coral":2,"minecraft:moss_carpet":2,"alexsmobs:shed_snake_skin":1,"minecraft:wooden_sword":2,"born_in_chaos_v1:intoxicating_decoction":4,"minecraft:iron_shovel":1,"minecraft:glass_pane":7,"graveyard:corruption":4,"minecraft:cracked_stone_bricks":1,"minecraft:beef":13,"minecraft:oak_boat":6,"born_in_chaos_v1:gnawed_bones":1,"minecraft:lectern":1,"minecraft:sugar_cane":9,"minecraft:birch_sapling":2,"minecraft:raw_iron":158,"minecraft:oak_door":1,"sophisticatedbackpacks:backpack":4,"graveyard:small_cyan_urn":1,"born_in_chaos_v1:pieceofdarkmetal":17,"minecraft:carrot":409,"born_in_chaos_v1:charmof_endurance":1,"minecraft:redstone":13,"minecraft:prismarine_crystals":3,"minecraft:tnt":3,"minecraft:arrow":48,"minecraft:nether_bricks":5,"born_in_chaos_v1:spiny_shell":4,"minecraft:gold_ingot":26,"born_in_chaos_v1:trident_hayfork":1,"minecraft:glow_berries":86,"minecraft:mutton":20,"minecraft:bone_block":1,"minecraft:skeleton_skull":2,"minecraft:white_wool":14,"born_in_chaos_v1:fused_bone":12,"born_in_chaos_v1:corpse_maggot":22,"minecraft:golden_carrot":16,"born_in_chaos_v1:monster_flesh":16,"minecraft:salmon":1,"minecraft:leather":3,"minecraft:birch_planks":41,"minecraft:torchflower":1,"minecraft:oak_log":43,"minecraft:lily_pad":35,"minecraft:golden_boots":2,"minecraft:nether_wart_block":2,"minecraft:gunpowder":39,"minecraft:white_banner":2,"minecraft:cooked_mutton":2,"minecraft:stone_bricks":4,"minecraft:apple":7,"minecraft:gray_carpet":1,"minecraft:spore_blossom":1,"born_in_chaos_v1:smoked_flesh":5,"minecraft:iron_ingot":7,"minecraft:cobweb":10,"minecraft:flowering_azalea":7,"minecraft:book":33,"minecraft:pitcher_plant":3,"minecraft:pumpkin":15,"born_in_chaos_v1:ethereal_spirit":10,"minecraft:gravel":563,"born_in_chaos_v1:dark_rod":10,"minecraft:white_bed":6,"minecraft:spruce_log":28,"minecraft:spider_eye":5,"alexsmobs:raw_catfish":3,"minecraft:slime_ball":2,"minecraft:iron_helmet":2,"minecraft:coal":186},"minecraft:custom":{"minecraft:animals_bred":22,"minecraft:interact_with_crafting_table":75,"minecraft:open_barrel":21,"minecraft:leave_game":15,"minecraft:time_since_death":816,"minecraft:sprint_one_cm":1992901,"minecraft:damage_blocked_by_shield":4363,"minecraft:drop":200,"minecraft:talked_to_villager":4,"minecraft:play_time":761992,"minecraft:deaths":52,"minecraft:jump":16580,"minecraft:interact_with_brewingstand":1,"minecraft:walk_on_water_one_cm":90020,"minecraft:interact_with_furnace":143,"minecraft:play_record":1,"minecraft:sleep_in_bed":25,"minecraft:damage_dealt":65529,"minecraft:player_kills":9,"minecraft:crouch_one_cm":32143,"minecraft:horse_one_cm":12282,"minecraft:mob_kills":335,"minecraft:interact_with_campfire":1,"minecraft:damage_dealt_resisted":19353,"minecraft:climb_one_cm":37313,"minecraft:walk_one_cm":1647749,"minecraft:damage_dealt_absorbed":240,"minecraft:sneak_time":15381,"minecraft:walk_under_water_one_cm":53899,"minecraft:boat_one_cm":244848,"minecraft:interact_with_lectern":3,"minecraft:total_world_time":761992,"minecraft:interact_with_stonecutter":1,"minecraft:time_since_rest":841,"minecraft:damage_taken":27574,"minecraft:damage_absorbed":361,"minecraft:swim_one_cm":119942,"minecraft:fly_one_cm":3791960,"minecraft:open_chest":235,"minecraft:fall_one_cm":531560},"minecraft:mined":{"minecraft:white_bed":4,"minecraft:cave_vines_plant":4,"minecraft:brewing_stand":1,"minecraft:granite":8,"minecraft:stone_brick_wall":1,"minecraft:grass_block":769,"minecraft:cracked_polished_blackstone_bricks":1,"minecraft:spawner":29,"minecraft:iron_ore":32,"minecraft:cobbled_deepslate":3,"minecraft:moss_carpet":1,"minecraft:pumpkin":15,"minecraft:deepslate_lapis_ore":7,"minecraft:nether_brick_stairs":5,"minecraft:cave_vines":5,"minecraft:flowering_azalea_leaves":1,"minecraft:iron_bars":12,"minecraft:deepslate_redstone_ore":3,"minecraft:brown_mushroom":5,"minecraft:quartz_block":7,"born_in_chaos_v1:infected_deepslate_diamond_ore":5,"minecraft:torch":3,"minecraft:cobblestone":3,"minecraft:slime_block":2,"minecraft:oak_planks":8,"minecraft:sugar_cane":3,"minecraft:wall_torch":3,"minecraft:deepslate_copper_ore":1,"minecraft:skeleton_skull":1,"minecraft:chain":1,"graveyard:oak_coffin":1,"minecraft:birch_log":46,"minecraft:wheat":7,"born_in_chaos_v1:fired_black_argillite":1,"minecraft:jukebox":1,"born_in_chaos_v1:river_mint":7,"minecraft:tnt":1,"minecraft:black_bed":1,"minecraft:stone_brick_stairs":2,"minecraft:grass":85,"minecraft:oak_log":37,"minecraft:dirt":396,"born_in_chaos_v1:infernal_evil_pumpkin_s":1,"minecraft:deepslate":400,"minecraft:oak_leaves":24,"minecraft:infested_deepslate":1,"minecraft:tuff":27,"minecraft:deepslate_diamond_ore":28,"minecraft:oak_door":1,"minecraft:nether_bricks":3,"born_in_chaos_v1:black_argillite":2,"minecraft:spruce_leaves":11,"minecraft:furnace":4,"minecraft:carrots":96,"minecraft:andesite":36,"minecraft:mossy_stone_brick_stairs":2,"minecraft:bookshelf":11,"minecraft:deepslate_iron_ore":126,"minecraft:vine":2,"minecraft:bamboo":56,"minecraft:stone":502,"minecraft:flowering_azalea":7,"minecraft:redstone_block":7,"minecraft:crafting_table":3,"minecraft:emerald_ore":3,"minecraft:campfire":4,"minecraft:lectern":1,"minecraft:tall_grass":6,"graveyard:tg_grass_block":2,"minecraft:deepslate_gold_ore":58,"minecraft:lily_pad":1,"minecraft:diorite":11,"minecraft:birch_planks":5,"graveyard:mossy_cobblestone_gravestone":1,"minecraft:torchflower":1,"minecraft:spruce_log":28,"minecraft:birch_leaves":3,"minecraft:coal_ore":110,"minecraft:pitcher_crop":3,"minecraft:gravel":381,"minecraft:gray_carpet":1,"minecraft:cobweb":15,"minecraft:cracked_stone_bricks":1,"minecraft:stone_bricks":2,"minecraft:polished_andesite":1,"minecraft:fern":1},"minecraft:used":{"minecraft:moss_carpet":1,"minecraft:oak_sign":1,"born_in_chaos_v1:intoxicating_decoction":2,"minecraft:chest":6,"minecraft:shield":50,"minecraft:rotten_flesh":13,"graveyard:small_cyan_urn":1,"born_in_chaos_v1:anluka_doors":1,"securitycraft:keypad_item":3,"minecraft:jungle_planks":4,"minecraft:nether_bricks":2,"minecraft:carrot":236,"minecraft:tuff":15,"born_in_chaos_v1:corpse_maggot":2,"born_in_chaos_v1:smoked_flesh":5,"minecraft:lava_bucket":16,"minecraft:birch_sapling":1,"minecraft:quartz_block":3,"minecraft:iron_helmet":1,"minecraft:dark_oak_button":1,"minecraft:birch_button":2,"graveyard:mossy_cobblestone_gravestone":1,"minecraft:oak_sapling":2,"minecraft:furnace":13,"minecraft:diorite":8,"minecraft:oak_planks":65,"minecraft:stone_pickaxe":135,"minecraft:gray_carpet":1,"minecraft:mangrove_planks":8,"minecraft:ender_pearl":3,"minecraft:wooden_pickaxe":7,"minecraft:leather_chestplate":1,"minecraft:redstone_block":3,"minecraft:golden_apple":10,"minecraft:glow_berries":41,"minecraft:stone_brick_wall":1,"minecraft:black_bed":1,"minecraft:lever":1,"minecraft:bread":9,"minecraft:gravel":1,"minecraft:iron_door":1,"minecraft:diamond_sword":1500,"born_in_chaos_v1:mesh_door":1,"minecraft:wooden_sword":64,"born_in_chaos_v1:river_mint":1,"minecraft:andesite":20,"minecraft:oak_boat":5,"minecraft:bone_meal":114,"minecraft:iron_bars":1,"minecraft:stone_sword":35,"minecraft:acacia_log":1,"graveyard:oak_coffin":1,"minecraft:torch":98,"minecraft:dirt":44,"minecraft:granite":4,"minecraft:nether_brick_stairs":1,"minecraft:wooden_axe":73,"minecraft:iron_axe":87,"minecraft:bamboo":40,"minecraft:golden_carrot":74,"minecraft:cooked_beef":20,"minecraft:cobbled_deepslate":114,"minecraft:wheat_seeds":8,"minecraft:cooked_mutton":7,"alexsmobs:cooked_catfish":3,"minecraft:water_bucket":6,"minecraft:birch_planks":138,"minecraft:polished_andesite":1,"minecraft:baked_potato":4,"minecraft:leather_boots":1,"minecraft:tnt":2,"minecraft:crafting_table":14,"minecraft:white_bed":9,"minecraft:fire_coral":1,"minecraft:diamond_pickaxe":933,"minecraft:apple":3,"minecraft:diamond_shovel":1514,"minecraft:iron_pickaxe":390,"minecraft:cobblestone":52,"minecraft:white_banner":2,"minecraft:cooked_porkchop":14,"minecraft:bucket":26,"minecraft:jukebox":1}},"DataVersion":3465}