{"stats":{"minecraft:dropped":{"minecraft:nether_brick_stairs":1,"minecraft:cooked_beef":1,"minecraft:oak_log":19,"minecraft:crafting_table":1,"minecraft:cooked_porkchop":5,"born_in_chaos_v1:sea_terror_stomach":1,"minecraft:cracked_polished_blackstone_bricks":1,"minecraft:dirt":5,"minecraft:writable_book":3,"minecraft:chain":1,"gravestone:obituary":34,"minecraft:wooden_sword":5,"born_in_chaos_v1:trident_hayfork":1,"minecraft:iron_pickaxe":1,"minecraft:birch_log":16,"minecraft:cauldron":1,"minecraft:stone_axe":1,"minecraft:sugar_cane":9,"minecraft:golden_chestplate":1,"alexsmobs:animal_dictionary":1,"minecraft:cobbled_deepslate":1,"minecraft:birch_sapling":1,"minecraft:rotten_flesh":2,"minecraft:cooked_mutton":5,"minecraft:carrot":65,"minecraft:tipped_arrow":1,"minecraft:gunpowder":1,"born_in_chaos_v1:corpse_maggot":4,"minecraft:ladder":2,"minecraft:iron_bars":10,"minecraft:arrow":8,"born_in_chaos_v1:intoxicating_decoction":2,"minecraft:wheat_seeds":29,"minecraft:cherry_log":1,"minecraft:feather":4,"minecraft:cobblestone":2,"minecraft:tropical_fish":1,"minecraft:stick":3,"minecraft:deepslate_brick_stairs":1,"born_in_chaos_v1:river_mint":5,"minecraft:diorite":2,"minecraft:golden_carrot":9,"minecraft:torch":1,"minecraft:wooden_axe":2,"minecraft:potion":1,"minecraft:string":1,"alexsmobs:maggot":1,"minecraft:stone_sword":2,"minecraft:stone_shovel":1,"minecraft:chicken":3,"minecraft:iron_boots":1,"minecraft:nether_bricks":1,"minecraft:shield":1,"minecraft:iron_chestplate":1,"born_in_chaos_v1:spiny_shell":1,"minecraft:fire_coral":1,"minecraft:oak_sapling":4,"minecraft:spider_eye":1,"minecraft:stone_pickaxe":1,"minecraft:wooden_pickaxe":1,"minecraft:brick":3},"minecraft:killed":{"born_in_chaos_v1:zombie_clown":2,"born_in_chaos_v1:restless_spirit":2,"born_in_chaos_v1:zombie_lumberjack":6,"born_in_chaos_v1:skeleton_demoman":3,"minecraft:spider":11,"born_in_chaos_v1:siamese_skeletonsright":4,"born_in_chaos_v1:baby_skeleton_minion":4,"minecraft:skeleton":22,"graveyard:acolyte":1,"minecraft:chicken":2,"minecraft:silverfish":1,"minecraft:skeleton_horse":1,"born_in_chaos_v1:bonescaller":1,"minecraft:pig":3,"minecraft:zombie_villager":1,"born_in_chaos_v1:diamond_termite":2,"born_in_chaos_v1:glutton_fish":1,"alexsmobs:seal":1,"minecraft:creeper":1,"minecraft:sheep":6,"born_in_chaos_v1:zombie_fisherman":1,"minecraft:zombie":38,"born_in_chaos_v1:dread_hound":9,"born_in_chaos_v1:corpse_fly":5,"minecraft:stray":2,"alexsmobs:roadrunner":1,"alexsmobs:fly":1,"born_in_chaos_v1:door_knight":2,"minecraft:cow":3,"born_in_chaos_v1:siamese_skeletonsleft":6,"alexsmobs:seagull":3,"minecraft:slime":3,"born_in_chaos_v1:thornshell_crab":1,"born_in_chaos_v1:zombie_bruiser":3,"born_in_chaos_v1:maggot":13,"alexsmobs:bison":1,"born_in_chaos_v1:corpse_fish":9,"born_in_chaos_v1:barrel_zombie":2,"born_in_chaos_v1:baby_skeleton":2,"minecraft:frog":1,"born_in_chaos_v1:decrepit_skeleton":13,"alexsmobs:cockroach":1,"born_in_chaos_v1:dark_vortex":3,"born_in_chaos_v1:nightmare_stalker":1,"minecraft:wither_skeleton":1},"minecraft:killed_by":{"born_in_chaos_v1:nightmare_stalker":1,"minecraft:pillager":1,"graveyard:acolyte":1,"born_in_chaos_v1:phantom_creeper_copy":1,"minecraft:vex":1,"minecraft:player":6,"minecraft:spider":3,"born_in_chaos_v1:bonescaller":1,"apollyon:the_damned":1,"minecraft:skeleton":2},"minecraft:mined":{"minecraft:white_bed":4,"minecraft:brewing_stand":1,"minecraft:granite":4,"minecraft:stone_brick_wall":1,"minecraft:grass_block":768,"minecraft:cracked_polished_blackstone_bricks":1,"minecraft:spawner":23,"minecraft:cobbled_deepslate":1,"minecraft:iron_ore":3,"minecraft:pumpkin":15,"minecraft:deepslate_lapis_ore":4,"minecraft:nether_brick_stairs":4,"minecraft:flowering_azalea_leaves":1,"minecraft:iron_bars":10,"minecraft:brown_mushroom":4,"minecraft:quartz_block":7,"born_in_chaos_v1:infected_deepslate_diamond_ore":1,"minecraft:cobblestone":3,"minecraft:slime_block":2,"minecraft:sugar_cane":3,"minecraft:oak_planks":8,"minecraft:skeleton_skull":1,"minecraft:chain":1,"graveyard:oak_coffin":1,"minecraft:birch_log":46,"minecraft:wheat":7,"born_in_chaos_v1:fired_black_argillite":1,"minecraft:jukebox":1,"minecraft:black_bed":1,"born_in_chaos_v1:river_mint":6,"minecraft:tnt":1,"minecraft:stone_brick_stairs":2,"minecraft:grass":67,"minecraft:oak_log":37,"minecraft:dirt":393,"born_in_chaos_v1:infernal_evil_pumpkin_s":1,"minecraft:oak_leaves":18,"minecraft:deepslate":205,"minecraft:infested_deepslate":1,"minecraft:tuff":2,"minecraft:deepslate_diamond_ore":8,"minecraft:oak_door":1,"gravestone:gravestone":19,"minecraft:nether_bricks":1,"born_in_chaos_v1:black_argillite":2,"minecraft:spruce_leaves":9,"minecraft:carrots":89,"minecraft:andesite":1,"minecraft:mossy_stone_brick_stairs":2,"minecraft:bookshelf":11,"minecraft:deepslate_iron_ore":9,"minecraft:vine":2,"minecraft:bamboo":56,"minecraft:stone":393,"minecraft:redstone_block":7,"minecraft:crafting_table":3,"minecraft:emerald_ore":3,"minecraft:lectern":1,"minecraft:campfire":4,"graveyard:tg_grass_block":2,"minecraft:deepslate_gold_ore":1,"minecraft:lily_pad":1,"minecraft:diorite":2,"graveyard:mossy_cobblestone_gravestone":1,"minecraft:birch_planks":5,"minecraft:torchflower":1,"minecraft:birch_leaves":3,"minecraft:coal_ore":18,"minecraft:pitcher_crop":3,"minecraft:gravel":381,"minecraft:gray_carpet":1,"minecraft:cobweb":1,"minecraft:cracked_stone_bricks":1,"minecraft:polished_andesite":1},"minecraft:used":{"minecraft:oak_sign":1,"born_in_chaos_v1:intoxicating_decoction":1,"minecraft:chest":6,"minecraft:shield":21,"minecraft:rotten_flesh":4,"graveyard:small_cyan_urn":1,"born_in_chaos_v1:anluka_doors":1,"securitycraft:keypad_item":3,"minecraft:carrot":93,"minecraft:tuff":2,"born_in_chaos_v1:corpse_maggot":2,"minecraft:lava_bucket":4,"minecraft:birch_sapling":1,"minecraft:quartz_block":3,"minecraft:iron_helmet":1,"minecraft:birch_button":2,"graveyard:mossy_cobblestone_gravestone":1,"minecraft:oak_sapling":2,"minecraft:furnace":5,"minecraft:oak_planks":65,"minecraft:stone_pickaxe":135,"minecraft:gray_carpet":1,"minecraft:mangrove_planks":8,"minecraft:ender_pearl":3,"minecraft:wooden_pickaxe":7,"minecraft:redstone_block":3,"minecraft:golden_apple":9,"minecraft:stone_brick_wall":1,"minecraft:black_bed":1,"minecraft:lever":1,"minecraft:bread":4,"minecraft:gravel":1,"minecraft:iron_door":1,"minecraft:diamond_sword":898,"born_in_chaos_v1:mesh_door":1,"minecraft:wooden_sword":64,"born_in_chaos_v1:river_mint":1,"minecraft:andesite":1,"minecraft:oak_boat":5,"minecraft:bone_meal":60,"minecraft:iron_bars":1,"minecraft:stone_sword":35,"minecraft:acacia_log":1,"graveyard:oak_coffin":1,"minecraft:torch":28,"minecraft:dirt":43,"minecraft:granite":4,"minecraft:wooden_axe":73,"minecraft:iron_axe":44,"minecraft:bamboo":40,"minecraft:golden_carrot":68,"minecraft:cooked_beef":20,"minecraft:cobbled_deepslate":30,"minecraft:wheat_seeds":8,"minecraft:cooked_mutton":7,"minecraft:water_bucket":3,"minecraft:birch_planks":138,"minecraft:polished_andesite":1,"minecraft:baked_potato":4,"minecraft:tnt":2,"minecraft:crafting_table":12,"minecraft:white_bed":9,"minecraft:fire_coral":1,"minecraft:diamond_pickaxe":203,"minecraft:apple":3,"minecraft:diamond_shovel":1514,"minecraft:iron_pickaxe":390,"minecraft:cobblestone":42,"minecraft:white_banner":2,"minecraft:cooked_porkchop":14,"minecraft:bucket":11,"minecraft:jukebox":1},"minecraft:custom":{"minecraft:animals_bred":6,"minecraft:interact_with_crafting_table":64,"minecraft:open_barrel":21,"minecraft:leave_game":10,"minecraft:time_since_death":282277,"minecraft:sprint_one_cm":1415200,"minecraft:damage_blocked_by_shield":1602,"minecraft:drop":138,"minecraft:talked_to_villager":4,"minecraft:play_time":509465,"minecraft:deaths":20,"minecraft:jump":11565,"minecraft:interact_with_brewingstand":1,"minecraft:walk_on_water_one_cm":52951,"minecraft:interact_with_furnace":84,"minecraft:play_record":1,"minecraft:sleep_in_bed":25,"minecraft:damage_dealt":37450,"minecraft:player_kills":5,"minecraft:crouch_one_cm":22863,"minecraft:horse_one_cm":12282,"minecraft:mob_kills":201,"minecraft:interact_with_campfire":1,"minecraft:damage_dealt_resisted":16360,"minecraft:climb_one_cm":28501,"minecraft:walk_one_cm":1199079,"minecraft:sneak_time":10409,"minecraft:walk_under_water_one_cm":30980,"minecraft:boat_one_cm":244848,"minecraft:interact_with_lectern":3,"minecraft:total_world_time":509465,"minecraft:interact_with_stonecutter":1,"minecraft:time_since_rest":56355,"minecraft:damage_taken":13739,"minecraft:damage_absorbed":321,"minecraft:swim_one_cm":89928,"minecraft:fly_one_cm":2681709,"minecraft:open_chest":190,"minecraft:fall_one_cm":369650},"minecraft:crafted":{"minecraft:oak_planks":140,"minecraft:stone":24,"minecraft:diamond_shovel":1,"minecraft:lever":1,"securitycraft:keypad_item":3,"minecraft:heavy_weighted_pressure_plate":3,"minecraft:cooked_mutton":10,"securitycraft:laser_block":1,"minecraft:glass":24,"minecraft:iron_boots":1,"minecraft:chest":6,"minecraft:iron_door":3,"minecraft:birch_button":2,"minecraft:deepslate":20,"minecraft:cooked_porkchop":15,"minecraft:crafting_table":9,"minecraft:iron_helmet":1,"minecraft:wooden_pickaxe":1,"minecraft:birch_planks":188,"minecraft:iron_chestplate":1,"minecraft:diamond_pickaxe":1,"minecraft:stick":40,"minecraft:iron_ingot":12,"minecraft:iron_pickaxe":3,"minecraft:stone_sword":1,"minecraft:gold_ingot":3,"securitycraft:universal_block_reinforcer_lvl1":1,"minecraft:golden_carrot":78,"minecraft:wooden_sword":3,"minecraft:oak_door":3,"minecraft:jukebox":1,"minecraft:furnace":5,"minecraft:stone_button":24,"minecraft:bone_meal":60,"minecraft:white_carpet":3,"minecraft:iron_axe":1,"minecraft:stone_pickaxe":2,"minecraft:lead":8,"sophisticatedbackpacks:iron_backpack":3,"minecraft:cooked_beef":10,"minecraft:diamond_sword":1,"minecraft:mangrove_planks":8,"minecraft:bucket":3,"minecraft:air":0,"minecraft:oak_boat":1,"minecraft:golden_apple":3,"minecraft:gold_nugget":657,"minecraft:wooden_axe":2,"minecraft:iron_leggings":1,"minecraft:white_bed":3},"minecraft:picked_up":{"minecraft:iron_chestplate":1,"minecraft:wheat":7,"minecraft:redstone_block":7,"minecraft:lead":12,"minecraft:diamond_sword":1,"minecraft:enchanted_book":4,"minecraft:brewing_stand":1,"minecraft:raw_copper":50,"born_in_chaos_v1:black_argillite":2,"minecraft:polished_deepslate":1,"minecraft:music_disc_cat":1,"minecraft:string":9,"born_in_chaos_v1:mesh_door":1,"minecraft:armor_stand":1,"minecraft:iron_leggings":1,"minecraft:oak_sign":1,"minecraft:cobbled_deepslate":207,"minecraft:iron_pickaxe":3,"minecraft:mangrove_log":2,"minecraft:iron_boots":3,"minecraft:tipped_arrow":1,"minecraft:stick":3,"born_in_chaos_v1:shattered_skull":1,"minecraft:jukebox":1,"born_in_chaos_v1:phantom_powder":3,"minecraft:torch":12,"minecraft:acacia_log":1,"minecraft:porkchop":5,"minecraft:cherry_log":2,"minecraft:diorite":4,"born_in_chaos_v1:nightmare_claw":2,"minecraft:golden_chestplate":1,"minecraft:quartz_block":3,"minecraft:rotten_flesh":76,"minecraft:tropical_fish":1,"born_in_chaos_v1:sea_terror_eye":4,"minecraft:deepslate_brick_stairs":1,"minecraft:iron_bars":11,"minecraft:cobblestone":601,"minecraft:nautilus_shell":1,"minecraft:birch_log":47,"minecraft:feather":6,"minecraft:cooked_beef":1,"minecraft:andesite":1,"minecraft:black_bed":3,"minecraft:golden_leggings":1,"securitycraft:reinforced_deepslate":18,"minecraft:potato":1,"alexsmobs:bison_fur":2,"minecraft:flint":44,"minecraft:tuff":2,"born_in_chaos_v1:anluka_doors":1,"minecraft:wither_skeleton_skull":1,"minecraft:lapis_lazuli":23,"minecraft:dirt":1188,"minecraft:name_tag":4,"born_in_chaos_v1:monster_skin":8,"securitycraft:reinforced_stone_button":24,"minecraft:bone":69,"minecraft:acacia_planks":4,"minecraft:bow":2,"minecraft:wheat_seeds":39,"minecraft:raw_gold":2,"minecraft:bamboo":559,"minecraft:oak_planks":30,"minecraft:mossy_stone_brick_stairs":1,"minecraft:cooked_porkchop":4,"graveyard:mossy_cobblestone_gravestone":1,"minecraft:nether_brick_stairs":6,"minecraft:ink_sac":5,"graveyard:oak_coffin":1,"minecraft:polished_andesite":1,"minecraft:diamond":8,"minecraft:slime_block":2,"minecraft:cracked_polished_blackstone_bricks":2,"minecraft:granite":4,"minecraft:bone_meal":76,"minecraft:golden_apple":9,"minecraft:emerald":3,"minecraft:golden_horse_armor":1,"alexsmobs:maggot":1,"minecraft:oak_sapling":6,"born_in_chaos_v1:rotten_fish":24,"born_in_chaos_v1:sea_terror_stomach":1,"minecraft:charcoal":8,"minecraft:crafting_table":4,"born_in_chaos_v1:diamond_termite_shard":1,"minecraft:ladder":3,"minecraft:chicken":2,"born_in_chaos_v1:river_mint":6,"born_in_chaos_v1:seedof_chaos":1,"minecraft:brown_mushroom":4,"minecraft:stone_brick_wall":1,"minecraft:chain":1,"gravestone:obituary":13,"minecraft:brick":3,"minecraft:shield":1,"minecraft:fire_coral":2,"minecraft:wooden_sword":2,"born_in_chaos_v1:intoxicating_decoction":3,"minecraft:glass_pane":7,"graveyard:corruption":4,"minecraft:cracked_stone_bricks":1,"minecraft:beef":13,"minecraft:oak_boat":5,"born_in_chaos_v1:gnawed_bones":1,"minecraft:lectern":1,"minecraft:sugar_cane":9,"minecraft:birch_sapling":2,"minecraft:raw_iron":13,"minecraft:oak_door":1,"sophisticatedbackpacks:backpack":4,"graveyard:small_cyan_urn":1,"born_in_chaos_v1:pieceofdarkmetal":3,"minecraft:carrot":381,"minecraft:prismarine_crystals":3,"minecraft:tnt":3,"minecraft:arrow":25,"minecraft:nether_bricks":3,"born_in_chaos_v1:spiny_shell":4,"minecraft:gold_ingot":26,"born_in_chaos_v1:trident_hayfork":1,"minecraft:mutton":14,"minecraft:bone_block":1,"minecraft:skeleton_skull":2,"minecraft:white_wool":9,"born_in_chaos_v1:fused_bone":12,"born_in_chaos_v1:corpse_maggot":13,"minecraft:golden_carrot":15,"born_in_chaos_v1:monster_flesh":9,"minecraft:leather":3,"minecraft:birch_planks":41,"minecraft:torchflower":1,"minecraft:oak_log":42,"minecraft:lily_pad":35,"minecraft:golden_boots":2,"minecraft:nether_wart_block":2,"minecraft:gunpowder":38,"minecraft:white_banner":2,"minecraft:cooked_mutton":2,"minecraft:apple":7,"minecraft:gray_carpet":1,"minecraft:iron_ingot":5,"minecraft:cobweb":10,"minecraft:book":33,"minecraft:pitcher_plant":3,"minecraft:pumpkin":15,"born_in_chaos_v1:ethereal_spirit":4,"minecraft:gravel":396,"born_in_chaos_v1:dark_rod":6,"minecraft:white_bed":6,"minecraft:spider_eye":2,"minecraft:slime_ball":2,"minecraft:iron_helmet":2,"minecraft:coal":39},"minecraft:broken":{"minecraft:iron_boots":1,"minecraft:iron_chestplate":1,"minecraft:iron_leggings":1,"minecraft:wooden_axe":1,"minecraft:iron_pickaxe":1,"minecraft:iron_helmet":2}},"DataVersion":3465}