{"stats":{"minecraft:crafted":{"minecraft:cooked_beef":8,"minecraft:smooth_stone":3,"minecraft:cooked_porkchop":11,"minecraft:crafting_table":1,"minecraft:wooden_pickaxe":1,"minecraft:furnace":2,"minecraft:blast_furnace":1,"minecraft:stone":3,"minecraft:bucket":1,"minecraft:birch_planks":44,"minecraft:stone_axe":1,"minecraft:air":0,"minecraft:stick":16,"minecraft:iron_ingot":34,"minecraft:iron_pickaxe":2,"minecraft:stone_pickaxe":1,"minecraft:stone_sword":1,"minecraft:torch":8,"minecraft:smoker":1},"minecraft:killed":{"minecraft:pig":4,"born_in_chaos_v1:baby_skeleton":1,"alexsmobs:cockroach":1,"minecraft:chicken":1,"minecraft:cow":4},"minecraft:used":{"minecraft:stone_sword":23,"minecraft:stone_pickaxe":131,"minecraft:wooden_pickaxe":14,"minecraft:torch":9,"minecraft:glow_berries":29,"minecraft:dirt":4,"minecraft:crafting_table":5,"minecraft:blast_furnace":2,"minecraft:dripstone_block":1,"minecraft:granite":7,"minecraft:smoker":1,"minecraft:bread":1,"minecraft:iron_pickaxe":200,"minecraft:stone_axe":21,"minecraft:sweet_berries":12,"minecraft:furnace":1,"minecraft:cooked_porkchop":5},"minecraft:custom":{"minecraft:interact_with_furnace":8,"minecraft:mob_kills":11,"minecraft:interact_with_crafting_table":9,"minecraft:leave_game":3,"minecraft:time_since_death":48471,"minecraft:climb_one_cm":1257,"minecraft:time_since_rest":48471,"minecraft:sprint_one_cm":135307,"minecraft:damage_taken":760,"minecraft:walk_one_cm":85282,"minecraft:drop":4,"minecraft:damage_dealt":1020,"minecraft:swim_one_cm":9221,"minecraft:talked_to_villager":1,"minecraft:fly_one_cm":187105,"minecraft:open_chest":4,"minecraft:crouch_one_cm":106,"minecraft:play_time":48471,"minecraft:sneak_time":90,"minecraft:walk_under_water_one_cm":693,"minecraft:jump":1070,"minecraft:interact_with_blast_furnace":9,"minecraft:walk_on_water_one_cm":6176,"minecraft:interact_with_smoker":9,"minecraft:total_world_time":48471,"minecraft:fall_one_cm":27451},"minecraft:picked_up":{"minecraft:birch_log":11,"minecraft:crafting_table":5,"minecraft:chicken":1,"minecraft:andesite":15,"minecraft:leather":6,"minecraft:smoker":1,"minecraft:oak_log":17,"minecraft:lapis_lazuli":14,"minecraft:dirt":13,"minecraft:raw_copper":2,"minecraft:bone":2,"minecraft:wheat_seeds":1,"minecraft:cobbled_deepslate":2,"minecraft:beef":8,"minecraft:sugar_cane":42,"minecraft:birch_sapling":1,"minecraft:furnace":1,"minecraft:stick":5,"minecraft:raw_iron":34,"minecraft:sweet_berries":12,"minecraft:torch":2,"minecraft:dripstone_block":2,"minecraft:porkchop":11,"minecraft:sand":1,"minecraft:blast_furnace":2,"minecraft:diorite":40,"minecraft:granite":34,"minecraft:oak_sapling":1,"minecraft:coal":56,"minecraft:cobblestone":161},"minecraft:broken":{"minecraft:stone_pickaxe":1},"minecraft:dropped":{"minecraft:wheat_seeds":1,"minecraft:raw_copper":2,"minecraft:chicken":1,"minecraft:sand":1},"minecraft:mined":{"minecraft:smoker":1,"minecraft:crafting_table":5,"minecraft:granite":34,"minecraft:blast_furnace":2,"minecraft:grass_block":6,"minecraft:lapis_ore":2,"minecraft:sugar_cane":13,"minecraft:diorite":39,"minecraft:wall_torch":1,"minecraft:furnace":1,"minecraft:birch_log":11,"minecraft:iron_ore":31,"minecraft:sweet_berry_bush":5,"minecraft:andesite":13,"minecraft:birch_leaves":2,"minecraft:grass":3,"minecraft:oak_log":17,"minecraft:coal_ore":56,"minecraft:deepslate_iron_ore":1,"minecraft:dripstone_block":2,"minecraft:sand":1,"minecraft:dirt":6,"minecraft:stone":161,"minecraft:oak_leaves":13,"minecraft:deepslate":2,"minecraft:fern":1}},"DataVersion":3465}