{"stats":{"minecraft:broken":{"minecraft:stone_pickaxe":1},"minecraft:dropped":{"minecraft:stone_axe":1,"minecraft:wheat_seeds":1,"alexsmobs:animal_dictionary":1,"minecraft:stone_sword":1,"minecraft:cobbled_deepslate":6,"minecraft:raw_copper":2,"minecraft:chicken":1,"minecraft:light_gray_wool":1,"minecraft:dirt":18,"minecraft:torch":15,"minecraft:andesite":24,"born_in_chaos_v1:fused_bone":4,"minecraft:oak_sapling":2,"minecraft:sand":1,"minecraft:wooden_pickaxe":1},"minecraft:crafted":{"minecraft:cooked_beef":11,"minecraft:smooth_stone":3,"minecraft:cooked_porkchop":11,"minecraft:crafting_table":3,"minecraft:spruce_planks":32,"minecraft:iron_helmet":1,"minecraft:wooden_pickaxe":2,"minecraft:iron_sword":1,"minecraft:furnace":2,"minecraft:blast_furnace":1,"minecraft:stone":3,"minecraft:bucket":1,"minecraft:birch_planks":56,"minecraft:stone_axe":2,"minecraft:cooked_mutton":6,"minecraft:air":0,"minecraft:iron_boots":1,"minecraft:shield":1,"minecraft:stick":24,"minecraft:iron_ingot":45,"minecraft:iron_pickaxe":2,"minecraft:stone_pickaxe":2,"minecraft:stone_sword":1,"minecraft:iron_leggings":1,"minecraft:spruce_boat":1,"minecraft:torch":16,"minecraft:smoker":1},"minecraft:killed":{"minecraft:pig":4,"born_in_chaos_v1:baby_skeleton":1,"born_in_chaos_v1:siamese_skeletonsright":1,"minecraft:sheep":4,"minecraft:zombie":2,"alexsmobs:cockroach":1,"minecraft:chicken":1,"born_in_chaos_v1:siamese_skeletonsleft":1,"minecraft:cow":5},"minecraft:killed_by":{"minecraft:skeleton":1,"born_in_chaos_v1:corpse_fish":1},"minecraft:picked_up":{"minecraft:birch_log":14,"minecraft:crafting_table":9,"minecraft:chicken":1,"minecraft:andesite":30,"minecraft:leather":8,"minecraft:smoker":2,"minecraft:stone_brick_stairs":1,"minecraft:oak_log":21,"minecraft:lapis_lazuli":14,"minecraft:dirt":22,"minecraft:raw_copper":2,"minecraft:bone":2,"minecraft:stone_bricks":1,"minecraft:wheat_seeds":1,"minecraft:cobbled_deepslate":6,"minecraft:beef":11,"minecraft:light_gray_wool":1,"minecraft:sugar_cane":58,"minecraft:birch_sapling":1,"minecraft:furnace":1,"minecraft:stick":5,"minecraft:raw_iron":50,"minecraft:sweet_berries":12,"minecraft:torch":21,"minecraft:dripstone_block":3,"minecraft:porkchop":11,"minecraft:sand":1,"minecraft:stripped_spruce_log":8,"minecraft:blast_furnace":3,"minecraft:diorite":40,"minecraft:rotten_flesh":1,"minecraft:granite":39,"minecraft:iron_bars":4,"minecraft:oak_sapling":2,"minecraft:white_wool":3,"minecraft:mutton":8,"minecraft:coal":198,"minecraft:cobblestone":202,"born_in_chaos_v1:fused_bone":4},"minecraft:mined":{"minecraft:smoker":2,"minecraft:crafting_table":9,"minecraft:torch":2,"minecraft:granite":39,"minecraft:blast_furnace":3,"minecraft:grass_block":6,"minecraft:cobblestone":3,"minecraft:lapis_ore":2,"minecraft:sugar_cane":19,"minecraft:diorite":39,"minecraft:wall_torch":3,"minecraft:spawner":1,"minecraft:furnace":1,"minecraft:birch_log":14,"minecraft:iron_ore":47,"minecraft:sweet_berry_bush":5,"minecraft:andesite":16,"minecraft:birch_leaves":2,"minecraft:stripped_spruce_log":8,"minecraft:grass":3,"minecraft:oak_log":21,"minecraft:coal_ore":105,"minecraft:iron_bars":4,"minecraft:deepslate_iron_ore":1,"minecraft:dripstone_block":3,"minecraft:sand":1,"minecraft:dirt":6,"minecraft:stone":200,"minecraft:oak_leaves":17,"minecraft:deepslate":2,"minecraft:fern":1},"minecraft:custom":{"minecraft:interact_with_furnace":11,"minecraft:mob_kills":20,"minecraft:interact_with_crafting_table":16,"minecraft:open_barrel":4,"minecraft:eat_cake_slice":10,"minecraft:leave_game":7,"minecraft:time_since_death":27665,"minecraft:climb_one_cm":1789,"minecraft:time_since_rest":27696,"minecraft:sprint_one_cm":266721,"minecraft:damage_taken":1724,"minecraft:walk_one_cm":162904,"minecraft:drop":22,"minecraft:damage_dealt":2549,"minecraft:swim_one_cm":78151,"minecraft:talked_to_villager":1,"minecraft:fly_one_cm":317100,"minecraft:open_chest":15,"minecraft:crouch_one_cm":439,"minecraft:play_time":93829,"minecraft:deaths":2,"minecraft:sneak_time":365,"minecraft:walk_under_water_one_cm":6178,"minecraft:boat_one_cm":99720,"minecraft:jump":1746,"minecraft:interact_with_blast_furnace":13,"minecraft:walk_on_water_one_cm":24647,"minecraft:interact_with_smoker":12,"minecraft:total_world_time":93829,"minecraft:fall_one_cm":44674},"minecraft:used":{"minecraft:iron_bars":4,"minecraft:stone_sword":44,"minecraft:stone_pickaxe":248,"minecraft:wooden_pickaxe":18,"minecraft:iron_sword":15,"minecraft:torch":13,"minecraft:glow_berries":29,"minecraft:dirt":4,"minecraft:crafting_table":11,"minecraft:blast_furnace":3,"minecraft:dripstone_block":2,"minecraft:granite":10,"minecraft:smoker":2,"minecraft:spruce_boat":1,"minecraft:bread":1,"minecraft:iron_pickaxe":204,"minecraft:stone_brick_stairs":1,"minecraft:stone_bricks":1,"minecraft:stone_axe":33,"minecraft:cobblestone":10,"minecraft:sweet_berries":12,"alexsmobs:lobster_bucket":1,"minecraft:furnace":1,"minecraft:cooked_porkchop":11,"minecraft:andesite":6,"minecraft:bucket":2}},"DataVersion":3465}