{"stats":{"minecraft:used":{"minecraft:golden_boots":1,"minecraft:stone_sword":8,"minecraft:stone_pickaxe":800,"minecraft:wooden_pickaxe":59,"minecraft:stone_hoe":5,"minecraft:iron_chestplate":1,"minecraft:torch":57,"minecraft:dirt":11,"minecraft:crafting_table":5,"minecraft:carrot":7,"minecraft:iron_pickaxe":13,"minecraft:gravel":2,"minecraft:stone_axe":37,"minecraft:cobblestone":26,"minecraft:furnace":3,"minecraft:iron_leggings":1},"minecraft:picked_up":{"minecraft:crafting_table":2,"minecraft:andesite":58,"minecraft:oak_log":32,"minecraft:amethyst_block":8,"minecraft:dirt":12,"minecraft:raw_gold":8,"minecraft:calcite":7,"minecraft:stick":3,"minecraft:raw_iron":19,"minecraft:smooth_basalt":11,"minecraft:torch":20,"minecraft:gravel":9,"minecraft:amethyst_shard":56,"minecraft:diorite":6,"minecraft:granite":11,"minecraft:oak_sapling":7,"minecraft:coal":70,"minecraft:cobblestone":625},"minecraft:killed":{"minecraft:enderman":1},"minecraft:mined":{"minecraft:amethyst_cluster":13,"minecraft:crafting_table":2,"minecraft:torch":14,"minecraft:granite":11,"minecraft:budding_amethyst":2,"minecraft:grass_block":3,"minecraft:calcite":7,"minecraft:cobblestone":1,"minecraft:diorite":6,"minecraft:wall_torch":6,"minecraft:amethyst_block":8,"minecraft:iron_ore":19,"minecraft:andesite":58,"minecraft:grass":2,"minecraft:oak_log":33,"minecraft:coal_ore":71,"minecraft:gravel":9,"minecraft:dirt":8,"minecraft:smooth_basalt":11,"minecraft:stone":631,"minecraft:gold_ore":8},"minecraft:custom":{"minecraft:interact_with_furnace":19,"minecraft:mob_kills":1,"minecraft:interact_with_crafting_table":17,"minecraft:leave_game":1,"minecraft:time_since_death":32606,"minecraft:climb_one_cm":584,"minecraft:time_since_rest":32689,"minecraft:sprint_one_cm":31248,"minecraft:damage_taken":220,"minecraft:walk_one_cm":93538,"minecraft:damage_dealt":370,"minecraft:fly_one_cm":20080,"minecraft:crouch_one_cm":77,"minecraft:play_time":40610,"minecraft:deaths":1,"minecraft:sneak_time":30,"minecraft:walk_under_water_one_cm":4864,"minecraft:jump":375,"minecraft:walk_on_water_one_cm":1148,"minecraft:total_world_time":40610,"minecraft:fall_one_cm":2303},"minecraft:crafted":{"minecraft:oak_planks":44,"minecraft:crafting_table":3,"minecraft:wooden_pickaxe":1,"minecraft:furnace":3,"minecraft:stone_axe":1,"minecraft:iron_chestplate":1,"minecraft:charcoal":7,"minecraft:shield":1,"minecraft:stick":36,"minecraft:iron_ingot":19,"minecraft:iron_pickaxe":1,"minecraft:stone_pickaxe":6,"minecraft:stone_sword":1,"minecraft:gold_ingot":8,"minecraft:iron_leggings":1,"minecraft:torch":52,"minecraft:stone_hoe":1,"minecraft:golden_boots":1},"minecraft:broken":{"minecraft:stone_pickaxe":6,"minecraft:wooden_pickaxe":1}},"DataVersion":3465}