{"stats":{"minecraft:broken":{"minecraft:stone_pickaxe":8,"minecraft:stone_axe":1,"born_in_chaos_v1:wood_splitter_axe":1,"minecraft:stone_sword":11,"minecraft:shield":2,"minecraft:iron_pickaxe":1,"minecraft:golden_pickaxe":1},"minecraft:dropped":{"minecraft:candle":15,"minecraft:brown_mushroom":1,"minecraft:birch_planks":1,"minecraft:dark_oak_slab":2,"sophisticatedbackpacks:gold_backpack":1,"minecraft:cyan_terracotta":6,"minecraft:dirt":22,"graveyard:fire_brazier":16,"minecraft:seagrass":3,"minecraft:chain":1,"minecraft:gravel":4,"graveyard:dark_iron_trapdoor":8,"minecraft:golden_chestplate":2,"minecraft:cobbled_deepslate":325,"minecraft:birch_sapling":1,"minecraft:rotten_flesh":2,"minecraft:white_candle":21,"minecraft:poppy":1,"born_in_chaos_v1:corpse_maggot":63,"minecraft:leather_boots":1,"minecraft:leather_leggings":3,"born_in_chaos_v1:intoxicating_decoction":1,"born_in_chaos_v1:wood_splitter_axe":4,"minecraft:dripstone_block":1,"minecraft:cobblestone":30,"minecraft:prismarine_crystals":20,"born_in_chaos_v1:gnawed_bones":1,"minecraft:gray_wool":1,"minecraft:diorite":9,"minecraft:brown_wool":1,"minecraft:white_banner":2,"minecraft:iron_shovel":2,"minecraft:string":34,"minecraft:spruce_sapling":2,"minecraft:bricks":3,"alexsmobs:maggot":7,"minecraft:raw_copper":31,"minecraft:tuff":69,"minecraft:light_gray_wool":1,"minecraft:clay_ball":8,"minecraft:white_terracotta":1,"minecraft:red_terracotta":1,"minecraft:peony":1,"minecraft:andesite":14,"minecraft:golden_leggings":1,"minecraft:oak_sapling":1,"born_in_chaos_v1:nightmare_mantleofthe_night_helmet":1,"minecraft:black_wool":1},"minecraft:crafted":{"minecraft:oak_planks":48,"sophisticatedbackpacks:crafting_upgrade":1,"minecraft:cooked_mutton":12,"minecraft:bow":2,"minecraft:iron_boots":2,"minecraft:chest":3,"minecraft:copper_block":1,"alexsmobs:cooked_catfish":17,"minecraft:smoker":1,"minecraft:emerald":1,"sophisticatedbackpacks:backpack":2,"minecraft:cooked_porkchop":49,"minecraft:crafting_table":2,"minecraft:spruce_planks":72,"minecraft:wooden_pickaxe":1,"minecraft:iron_helmet":2,"minecraft:spruce_door":3,"minecraft:copper_ingot":38,"minecraft:gold_block":4,"minecraft:campfire":1,"sophisticatedbackpacks:upgrade_base":1,"minecraft:iron_chestplate":2,"minecraft:diamond_pickaxe":1,"minecraft:shield":5,"minecraft:stick":112,"born_in_chaos_v1:smoked_flesh":59,"minecraft:iron_ingot":172,"minecraft:iron_pickaxe":2,"minecraft:iron_block":7,"minecraft:stone_sword":10,"minecraft:gold_ingot":138,"minecraft:cherry_planks":8,"minecraft:coal":54,"minecraft:furnace":1,"born_in_chaos_v1:nightmare_mantleofthe_night_helmet":1,"born_in_chaos_v1:smoked_monster_flesh":18,"minecraft:stone_pickaxe":11,"minecraft:redstone_block":9,"minecraft:dark_oak_planks":36,"sophisticatedbackpacks:iron_backpack":2,"minecraft:cooked_beef":22,"minecraft:coal_block":27,"minecraft:crossbow":3,"minecraft:enchanting_table":1,"minecraft:iron_sword":3,"sophisticatedbackpacks:gold_backpack":3,"minecraft:bucket":1,"minecraft:bone":12,"minecraft:stone_axe":2,"minecraft:bread":3,"minecraft:air":0,"minecraft:oak_boat":2,"minecraft:wooden_axe":1,"minecraft:iron_leggings":2,"minecraft:white_bed":1,"minecraft:torch":132,"minecraft:lapis_lazuli":36,"minecraft:lapis_block":36},"minecraft:killed":{"born_in_chaos_v1:zombie_clown":1,"minecraft:cave_spider":2,"minecraft:witch":1,"born_in_chaos_v1:restless_spirit":6,"born_in_chaos_v1:zombie_lumberjack":8,"minecraft:spider":23,"born_in_chaos_v1:siamese_skeletonsright":4,"minecraft:zombie_horse":1,"minecraft:skeleton":21,"born_in_chaos_v1:skeleton_thrasher":1,"minecraft:silverfish":5,"alexsmobs:centipede_head":1,"minecraft:skeleton_horse":1,"born_in_chaos_v1:bonescaller":2,"minecraft:pig":23,"alexsmobs:grizzly_bear":1,"minecraft:zombie_villager":3,"born_in_chaos_v1:diamond_termite":5,"minecraft:salmon":1,"minecraft:iron_golem":1,"minecraft:creeper":1,"minecraft:sheep":10,"born_in_chaos_v1:zombie_fisherman":1,"minecraft:pillager":26,"minecraft:zombie":100,"born_in_chaos_v1:dread_hound":14,"born_in_chaos_v1:corpse_fly":22,"minecraft:stray":9,"alexsmobs:fly":5,"minecraft:glow_squid":2,"born_in_chaos_v1:door_knight":5,"minecraft:cow":13,"born_in_chaos_v1:siamese_skeletonsleft":3,"minecraft:vindicator":5,"minecraft:slime":5,"born_in_chaos_v1:zombie_bruiser":3,"born_in_chaos_v1:maggot":45,"creeperoverhaul:snowy_creeper":2,"born_in_chaos_v1:dire_hound_leader":1,"minecraft:drowned":2,"born_in_chaos_v1:barrel_zombie":1,"born_in_chaos_v1:fallen_chaos_knight":2,"graveyard:ghoul":2,"born_in_chaos_v1:baby_skeleton":13,"born_in_chaos_v1:swarmer":3,"creeperoverhaul:spruce_creeper":1,"minecraft:squid":1,"born_in_chaos_v1:decrepit_skeleton":27,"alexsmobs:catfish":6,"born_in_chaos_v1:bloody_gadfly":1,"born_in_chaos_v1:decaying_zombie":2,"alexsmobs:cockroach":1,"born_in_chaos_v1:dark_vortex":1,"born_in_chaos_v1:nightmare_stalker":1,"alexsmobs:crow":1,"minecraft:enderman":3},"minecraft:killed_by":{"born_in_chaos_v1:nightmare_stalker":2,"minecraft:pillager":1,"minecraft:ravager":1,"born_in_chaos_v1:corpse_fly":1,"minecraft:stray":1,"born_in_chaos_v1:dark_vortex":1},"minecraft:picked_up":{"minecraft:seagrass":3,"minecraft:chainmail_boots":1,"minecraft:creeper_head":506,"minecraft:potion":1,"minecraft:enchanted_book":1,"minecraft:string":162,"minecraft:raw_copper":171,"born_in_chaos_v1:mesh_door":2,"minecraft:zombie_head":158,"minecraft:cobbled_deepslate":549,"minecraft:bucket":2,"minecraft:spruce_planks":2,"minecraft:coal_block":5,"minecraft:furnace":16,"minecraft:golden_helmet":1,"minecraft:tipped_arrow":4,"minecraft:stick":3,"born_in_chaos_v1:shattered_skull":5,"born_in_chaos_v1:phantom_powder":3,"minecraft:torch":11,"born_in_chaos_v1:pileof_dark_metal":1,"minecraft:porkchop":50,"minecraft:cherry_log":2,"minecraft:diorite":9,"born_in_chaos_v1:nightmare_claw":1,"graveyard:dark_iron_trapdoor":8,"minecraft:golden_chestplate":1,"alexsmobs:centipede_leg":2,"minecraft:cauldron":1,"minecraft:rotten_flesh":194,"minecraft:cyan_terracotta":6,"minecraft:white_terracotta":1,"minecraft:obsidian":4,"minecraft:cobblestone":78,"minecraft:enchanting_table":3,"minecraft:leather_chestplate":1,"minecraft:andesite":14,"minecraft:potato":1,"minecraft:brown_wool":1,"minecraft:golden_leggings":1,"minecraft:smoker":5,"minecraft:tuff":177,"minecraft:lapis_lazuli":384,"minecraft:dirt":30,"born_in_chaos_v1:nightmare_stalker_skull":1,"born_in_chaos_v1:monster_skin":13,"minecraft:bone":105,"minecraft:bow":5,"minecraft:wheat_seeds":3,"minecraft:raw_gold":111,"minecraft:moss_block":1,"minecraft:oak_planks":26,"graveyard:fire_brazier":17,"minecraft:cooked_porkchop":5,"sophisticatedbackpacks:iron_backpack":2,"minecraft:ink_sac":3,"minecraft:dark_oak_log":9,"minecraft:red_terracotta":1,"minecraft:white_candle":21,"minecraft:diamond":14,"minecraft:crossbow":4,"minecraft:granite":29,"minecraft:emerald":3,"alexsmobs:maggot":7,"minecraft:oak_sapling":1,"minecraft:bricks":3,"minecraft:charcoal":2,"minecraft:crafting_table":34,"born_in_chaos_v1:diamond_termite_shard":4,"born_in_chaos_v1:smoked_monster_flesh":1,"minecraft:clay_ball":8,"born_in_chaos_v1:seedof_chaos":3,"minecraft:leather_leggings":2,"minecraft:brown_mushroom":1,"minecraft:gold_block":1,"minecraft:chain":1,"born_in_chaos_v1:intoxicating_decoction":1,"minecraft:iron_shovel":3,"minecraft:candle":15,"minecraft:beef":22,"minecraft:oak_boat":10,"born_in_chaos_v1:gnawed_bones":4,"minecraft:iron_nugget":6,"minecraft:poppy":1,"minecraft:light_gray_wool":1,"minecraft:sugar_cane":50,"minecraft:birch_sapling":1,"minecraft:raw_iron":185,"born_in_chaos_v1:pieceofdarkmetal":11,"minecraft:redstone":159,"minecraft:prismarine_crystals":20,"minecraft:arrow":43,"born_in_chaos_v1:wood_splitter_axe":5,"minecraft:peony":1,"sophisticatedbackpacks:copper_backpack":1,"minecraft:mutton":17,"minecraft:white_wool":8,"born_in_chaos_v1:fused_bone":8,"born_in_chaos_v1:corpse_maggot":71,"born_in_chaos_v1:monster_flesh":23,"minecraft:glow_ink_sac":6,"minecraft:salmon":2,"minecraft:leather":15,"minecraft:birch_planks":3,"graveyard:small_light_gray_urn":1,"minecraft:oak_log":12,"minecraft:gunpowder":15,"minecraft:white_banner":5,"alexsmobs:cockroach_wing_fragment":1,"minecraft:iron_ingot":18,"minecraft:cobweb":4,"minecraft:iron_sword":1,"minecraft:dark_oak_slab":3,"minecraft:stone_brick_slab":1,"born_in_chaos_v1:ethereal_spirit":10,"minecraft:dripstone_block":2,"minecraft:gravel":16,"born_in_chaos_v1:dark_rod":2,"born_in_chaos_v1:fangofthe_hound_leader":3,"minecraft:spruce_sapling":3,"minecraft:white_bed":9,"minecraft:spruce_log":25,"minecraft:spider_eye":7,"alexsmobs:raw_catfish":18,"minecraft:slime_ball":4,"minecraft:gray_wool":1,"minecraft:black_wool":1,"minecraft:coal":400,"minecraft:ender_pearl":2},"minecraft:custom":{"minecraft:interact_with_crafting_table":84,"minecraft:open_barrel":28,"minecraft:bell_ring":1,"minecraft:leave_game":10,"minecraft:time_since_death":102534,"minecraft:sprint_one_cm":1060496,"minecraft:damage_blocked_by_shield":10695,"minecraft:drop":88,"minecraft:talked_to_villager":6,"minecraft:play_time":480630,"minecraft:deaths":7,"minecraft:jump":6909,"minecraft:walk_on_water_one_cm":82158,"minecraft:enchant_item":8,"minecraft:interact_with_furnace":221,"minecraft:traded_with_villager":1,"minecraft:interact_with_loom":1,"minecraft:sleep_in_bed":13,"minecraft:damage_dealt":78760,"minecraft:crouch_one_cm":103941,"minecraft:interact_with_smoker":57,"minecraft:mob_kills":473,"minecraft:interact_with_campfire":4,"minecraft:damage_dealt_resisted":841,"minecraft:climb_one_cm":5464,"minecraft:walk_one_cm":1152358,"minecraft:damage_dealt_absorbed":120,"minecraft:sneak_time":40621,"minecraft:walk_under_water_one_cm":43774,"minecraft:boat_one_cm":68383,"minecraft:interact_with_lectern":1,"minecraft:total_world_time":480630,"minecraft:raid_trigger":1,"minecraft:time_since_rest":98577,"minecraft:damage_taken":11131,"minecraft:swim_one_cm":94669,"minecraft:fly_one_cm":1066053,"minecraft:open_chest":38,"minecraft:fall_one_cm":169126},"minecraft:mined":{"minecraft:spruce_planks":2,"minecraft:white_bed":9,"minecraft:obsidian":4,"minecraft:granite":29,"minecraft:grass_block":9,"sophisticatedbackpacks:iron_backpack":1,"minecraft:coal_block":5,"minecraft:spawner":9,"minecraft:iron_ore":73,"minecraft:cobbled_deepslate":12,"minecraft:fire":1,"minecraft:deepslate_lapis_ore":49,"minecraft:enchanting_table":3,"minecraft:deepslate_redstone_ore":33,"minecraft:cyan_terracotta":6,"graveyard:dark_iron_trapdoor":8,"minecraft:smoker":5,"graveyard:fire_brazier":9,"minecraft:torch":2,"minecraft:mud_brick_stairs":1,"minecraft:cobblestone":1,"minecraft:white_candle":7,"minecraft:sugar_cane":16,"minecraft:oak_planks":30,"minecraft:bricks":3,"minecraft:wall_torch":3,"minecraft:cauldron":1,"minecraft:deepslate_copper_ore":4,"minecraft:white_terracotta":1,"minecraft:dark_oak_slab":1,"minecraft:grass":16,"minecraft:oak_log":8,"minecraft:dirt":1,"minecraft:oak_leaves":25,"minecraft:deepslate":526,"minecraft:infested_deepslate":4,"minecraft:tuff":180,"minecraft:deepslate_diamond_ore":14,"minecraft:candle":5,"minecraft:dark_oak_log":3,"minecraft:sea_lantern":8,"born_in_chaos_v1:infected_diamond_ore":2,"minecraft:weeping_vines":1,"minecraft:redstone_wire":1,"minecraft:spruce_leaves":24,"minecraft:large_fern":1,"minecraft:furnace":16,"minecraft:andesite":14,"minecraft:peony":1,"minecraft:gold_block":1,"minecraft:deepslate_iron_ore":112,"minecraft:vine":1,"minecraft:stone":73,"born_in_chaos_v1:mesh_door":1,"minecraft:stone_brick_slab":1,"graveyard:small_light_gray_urn":1,"minecraft:crafting_table":34,"minecraft:emerald_ore":1,"minecraft:campfire":1,"minecraft:copper_ore":32,"minecraft:lapis_ore":10,"minecraft:deepslate_gold_ore":105,"minecraft:diorite":9,"minecraft:birch_planks":3,"minecraft:red_terracotta":1,"graveyard:vase_block":3,"minecraft:spruce_log":24,"minecraft:birch_leaves":10,"minecraft:coal_ore":244,"minecraft:gravel":16,"minecraft:dripstone_block":1,"minecraft:cobweb":131,"minecraft:gold_ore":3,"minecraft:fern":1},"minecraft:used":{"minecraft:shield":178,"minecraft:iron_sword":304,"minecraft:rotten_flesh":2,"minecraft:mutton":5,"minecraft:carrot":30,"minecraft:tuff":2,"born_in_chaos_v1:smoked_flesh":11,"minecraft:lava_bucket":6,"born_in_chaos_v1:gnawed_bones":1,"minecraft:bow":48,"minecraft:furnace":13,"alexsmobs:raw_catfish":1,"minecraft:leather_leggings":1,"minecraft:spruce_door":1,"minecraft:oak_planks":9,"minecraft:stone_pickaxe":1192,"minecraft:wooden_pickaxe":4,"graveyard:small_light_gray_urn":1,"minecraft:dripstone_block":1,"minecraft:bread":3,"born_in_chaos_v1:smoked_monster_flesh":19,"graveyard:fire_brazier":1,"born_in_chaos_v1:mesh_door":1,"minecraft:oak_boat":11,"minecraft:golden_pickaxe":32,"minecraft:cobweb":6,"sophisticatedbackpacks:iron_backpack":1,"minecraft:enchanting_table":3,"minecraft:stone_sword":1294,"minecraft:torch":95,"minecraft:dirt":8,"minecraft:granite":1,"minecraft:dark_oak_planks":20,"minecraft:wooden_axe":33,"minecraft:cooked_beef":20,"minecraft:cobbled_deepslate":94,"minecraft:cooked_mutton":12,"alexsmobs:cooked_catfish":11,"minecraft:water_bucket":10,"minecraft:baked_potato":4,"minecraft:leather_boots":1,"minecraft:crafting_table":33,"minecraft:white_bed":9,"minecraft:campfire":1,"minecraft:smoker":5,"minecraft:diamond_pickaxe":6,"minecraft:iron_pickaxe":407,"minecraft:spruce_sapling":1,"minecraft:stone_axe":170,"minecraft:cobblestone":1,"minecraft:porkchop":1,"minecraft:cooked_porkchop":54,"minecraft:bucket":18,"born_in_chaos_v1:wood_splitter_axe":136,"alexsmobs:animal_dictionary":2}},"DataVersion":3465}