{"stats":{"minecraft:crafted":{"minecraft:oak_planks":48,"minecraft:cooked_mutton":12,"minecraft:bow":2,"minecraft:iron_boots":1,"minecraft:chest":1,"minecraft:copper_block":1,"minecraft:smoker":1,"sophisticatedbackpacks:backpack":1,"minecraft:emerald":1,"minecraft:cooked_porkchop":49,"minecraft:crafting_table":2,"minecraft:spruce_planks":68,"minecraft:wooden_pickaxe":1,"minecraft:iron_helmet":1,"minecraft:spruce_door":3,"minecraft:copper_ingot":38,"minecraft:gold_block":4,"minecraft:campfire":1,"minecraft:iron_chestplate":1,"minecraft:shield":3,"minecraft:stick":104,"minecraft:iron_ingot":123,"minecraft:iron_pickaxe":2,"minecraft:iron_block":7,"minecraft:stone_sword":10,"minecraft:gold_ingot":49,"minecraft:coal":27,"minecraft:furnace":1,"born_in_chaos_v1:smoked_monster_flesh":11,"minecraft:stone_pickaxe":10,"minecraft:redstone_block":9,"minecraft:dark_oak_planks":12,"sophisticatedbackpacks:iron_backpack":1,"minecraft:cooked_beef":22,"minecraft:coal_block":27,"minecraft:crossbow":2,"sophisticatedbackpacks:gold_backpack":1,"minecraft:bucket":1,"minecraft:bone":12,"minecraft:stone_axe":2,"minecraft:bread":3,"minecraft:air":0,"minecraft:oak_boat":1,"minecraft:wooden_axe":1,"minecraft:iron_leggings":1,"minecraft:white_bed":1,"minecraft:torch":76,"minecraft:lapis_block":27},"minecraft:killed":{"minecraft:cave_spider":2,"minecraft:witch":1,"born_in_chaos_v1:restless_spirit":2,"born_in_chaos_v1:zombie_lumberjack":3,"minecraft:spider":15,"born_in_chaos_v1:siamese_skeletonsright":2,"minecraft:zombie_horse":1,"minecraft:skeleton":8,"minecraft:silverfish":5,"alexsmobs:centipede_head":1,"minecraft:skeleton_horse":1,"born_in_chaos_v1:bonescaller":1,"minecraft:pig":23,"alexsmobs:grizzly_bear":1,"minecraft:zombie_villager":2,"born_in_chaos_v1:diamond_termite":5,"minecraft:salmon":1,"minecraft:iron_golem":1,"minecraft:sheep":10,"born_in_chaos_v1:zombie_fisherman":1,"minecraft:pillager":19,"minecraft:zombie":38,"born_in_chaos_v1:dread_hound":9,"born_in_chaos_v1:corpse_fly":8,"minecraft:stray":9,"alexsmobs:fly":2,"born_in_chaos_v1:door_knight":3,"minecraft:cow":13,"born_in_chaos_v1:siamese_skeletonsleft":1,"minecraft:slime":5,"born_in_chaos_v1:zombie_bruiser":2,"born_in_chaos_v1:maggot":16,"creeperoverhaul:snowy_creeper":2,"born_in_chaos_v1:dire_hound_leader":1,"minecraft:drowned":1,"born_in_chaos_v1:barrel_zombie":1,"born_in_chaos_v1:fallen_chaos_knight":1,"graveyard:ghoul":2,"born_in_chaos_v1:baby_skeleton":7,"creeperoverhaul:spruce_creeper":1,"minecraft:squid":1,"born_in_chaos_v1:decrepit_skeleton":12,"alexsmobs:catfish":3,"alexsmobs:cockroach":1,"born_in_chaos_v1:dark_vortex":1,"born_in_chaos_v1:nightmare_stalker":1,"alexsmobs:crow":1},"minecraft:custom":{"minecraft:interact_with_crafting_table":66,"minecraft:open_barrel":28,"minecraft:leave_game":8,"minecraft:time_since_death":732,"minecraft:sprint_one_cm":781214,"minecraft:damage_blocked_by_shield":6435,"minecraft:drop":70,"minecraft:talked_to_villager":6,"minecraft:play_time":325074,"minecraft:deaths":6,"minecraft:jump":4894,"minecraft:walk_on_water_one_cm":59943,"minecraft:interact_with_furnace":179,"minecraft:traded_with_villager":1,"minecraft:interact_with_loom":1,"minecraft:sleep_in_bed":12,"minecraft:damage_dealt":42190,"minecraft:crouch_one_cm":88620,"minecraft:interact_with_smoker":15,"minecraft:mob_kills":264,"minecraft:interact_with_campfire":4,"minecraft:damage_dealt_resisted":569,"minecraft:climb_one_cm":5464,"minecraft:walk_one_cm":793420,"minecraft:damage_dealt_absorbed":120,"minecraft:sneak_time":33791,"minecraft:walk_under_water_one_cm":25533,"minecraft:boat_one_cm":7515,"minecraft:interact_with_lectern":1,"minecraft:total_world_time":325074,"minecraft:time_since_rest":757,"minecraft:damage_taken":8023,"minecraft:swim_one_cm":84963,"minecraft:fly_one_cm":725769,"minecraft:open_chest":26,"minecraft:fall_one_cm":121624},"minecraft:used":{"minecraft:shield":119,"minecraft:rotten_flesh":2,"minecraft:mutton":5,"minecraft:tuff":1,"born_in_chaos_v1:smoked_flesh":11,"minecraft:lava_bucket":4,"minecraft:furnace":12,"alexsmobs:raw_catfish":1,"minecraft:leather_leggings":1,"minecraft:spruce_door":1,"minecraft:stone_pickaxe":1103,"minecraft:wooden_pickaxe":4,"graveyard:small_light_gray_urn":1,"minecraft:dripstone_block":1,"minecraft:bread":3,"graveyard:fire_brazier":1,"minecraft:oak_boat":3,"minecraft:golden_pickaxe":32,"minecraft:cobweb":6,"minecraft:stone_sword":1162,"minecraft:torch":34,"minecraft:dirt":7,"minecraft:granite":1,"minecraft:wooden_axe":33,"minecraft:cooked_beef":20,"minecraft:cobbled_deepslate":74,"minecraft:cooked_mutton":12,"minecraft:water_bucket":5,"minecraft:leather_boots":1,"minecraft:crafting_table":25,"minecraft:white_bed":9,"minecraft:campfire":1,"minecraft:smoker":2,"minecraft:iron_pickaxe":249,"minecraft:spruce_sapling":1,"minecraft:stone_axe":103,"minecraft:cobblestone":1,"minecraft:cooked_porkchop":48,"minecraft:porkchop":1,"minecraft:bucket":11,"alexsmobs:animal_dictionary":2},"minecraft:picked_up":{"minecraft:seagrass":3,"minecraft:potion":1,"minecraft:enchanted_book":1,"minecraft:string":156,"minecraft:raw_copper":171,"born_in_chaos_v1:mesh_door":1,"minecraft:cobbled_deepslate":474,"minecraft:bucket":2,"minecraft:spruce_planks":2,"minecraft:coal_block":5,"minecraft:furnace":15,"minecraft:tipped_arrow":4,"minecraft:stick":3,"born_in_chaos_v1:shattered_skull":2,"born_in_chaos_v1:phantom_powder":1,"minecraft:torch":6,"born_in_chaos_v1:pileof_dark_metal":1,"minecraft:porkchop":50,"minecraft:diorite":9,"born_in_chaos_v1:nightmare_claw":1,"graveyard:dark_iron_trapdoor":8,"alexsmobs:centipede_leg":2,"minecraft:cauldron":1,"minecraft:rotten_flesh":95,"minecraft:cyan_terracotta":6,"minecraft:white_terracotta":1,"minecraft:cobblestone":78,"minecraft:andesite":14,"minecraft:brown_wool":1,"minecraft:golden_leggings":1,"minecraft:smoker":2,"minecraft:tuff":126,"minecraft:lapis_lazuli":328,"minecraft:dirt":29,"born_in_chaos_v1:nightmare_stalker_skull":1,"born_in_chaos_v1:monster_skin":10,"minecraft:bone":51,"minecraft:bow":3,"minecraft:wheat_seeds":1,"minecraft:raw_gold":48,"minecraft:moss_block":1,"minecraft:oak_planks":25,"graveyard:fire_brazier":17,"sophisticatedbackpacks:iron_backpack":1,"minecraft:ink_sac":3,"minecraft:dark_oak_log":3,"minecraft:red_terracotta":1,"minecraft:white_candle":21,"minecraft:diamond":14,"minecraft:crossbow":4,"minecraft:granite":29,"minecraft:emerald":1,"alexsmobs:maggot":2,"minecraft:oak_sapling":1,"minecraft:bricks":3,"minecraft:charcoal":2,"minecraft:crafting_table":26,"born_in_chaos_v1:diamond_termite_shard":4,"minecraft:clay_ball":8,"born_in_chaos_v1:seedof_chaos":2,"minecraft:brown_mushroom":1,"minecraft:gold_block":1,"minecraft:chain":1,"minecraft:iron_shovel":3,"minecraft:candle":15,"minecraft:beef":22,"minecraft:oak_boat":2,"born_in_chaos_v1:gnawed_bones":3,"minecraft:iron_nugget":6,"minecraft:poppy":1,"minecraft:light_gray_wool":1,"minecraft:sugar_cane":50,"minecraft:birch_sapling":1,"minecraft:raw_iron":157,"born_in_chaos_v1:pieceofdarkmetal":1,"minecraft:redstone":82,"minecraft:prismarine_crystals":20,"minecraft:arrow":28,"minecraft:peony":1,"minecraft:mutton":17,"minecraft:white_wool":8,"born_in_chaos_v1:fused_bone":3,"born_in_chaos_v1:corpse_maggot":26,"born_in_chaos_v1:monster_flesh":16,"minecraft:salmon":2,"minecraft:leather":15,"minecraft:birch_planks":3,"graveyard:small_light_gray_urn":1,"minecraft:oak_log":12,"minecraft:gunpowder":13,"minecraft:white_banner":3,"alexsmobs:cockroach_wing_fragment":1,"minecraft:iron_ingot":15,"minecraft:cobweb":4,"minecraft:dark_oak_slab":3,"minecraft:stone_brick_slab":1,"born_in_chaos_v1:ethereal_spirit":3,"minecraft:dripstone_block":2,"minecraft:gravel":16,"born_in_chaos_v1:dark_rod":2,"born_in_chaos_v1:fangofthe_hound_leader":3,"minecraft:spruce_sapling":3,"minecraft:white_bed":9,"minecraft:spruce_log":24,"minecraft:spider_eye":6,"alexsmobs:raw_catfish":1,"minecraft:slime_ball":3,"minecraft:gray_wool":1,"minecraft:black_wool":1,"minecraft:coal":394},"minecraft:killed_by":{"born_in_chaos_v1:nightmare_stalker":2,"minecraft:pillager":1,"born_in_chaos_v1:corpse_fly":1,"minecraft:stray":1,"born_in_chaos_v1:dark_vortex":1},"minecraft:broken":{"minecraft:stone_pickaxe":7,"minecraft:stone_axe":1,"minecraft:stone_sword":10,"minecraft:shield":2,"minecraft:iron_pickaxe":1,"minecraft:golden_pickaxe":1},"minecraft:dropped":{"minecraft:candle":15,"minecraft:brown_mushroom":1,"minecraft:birch_planks":1,"minecraft:dark_oak_slab":2,"minecraft:cyan_terracotta":6,"minecraft:dirt":22,"graveyard:fire_brazier":16,"minecraft:seagrass":3,"minecraft:chain":1,"minecraft:gravel":4,"graveyard:dark_iron_trapdoor":8,"minecraft:golden_chestplate":1,"minecraft:cobbled_deepslate":320,"minecraft:birch_sapling":1,"minecraft:white_candle":21,"minecraft:poppy":1,"born_in_chaos_v1:corpse_maggot":22,"minecraft:leather_boots":1,"minecraft:leather_leggings":2,"minecraft:dripstone_block":1,"minecraft:cobblestone":30,"minecraft:prismarine_crystals":20,"born_in_chaos_v1:gnawed_bones":1,"minecraft:gray_wool":1,"minecraft:diorite":9,"minecraft:brown_wool":1,"minecraft:white_banner":2,"minecraft:iron_shovel":2,"minecraft:string":34,"minecraft:spruce_sapling":2,"minecraft:bricks":3,"alexsmobs:maggot":2,"minecraft:raw_copper":31,"minecraft:tuff":69,"minecraft:light_gray_wool":1,"minecraft:clay_ball":8,"minecraft:white_terracotta":1,"minecraft:red_terracotta":1,"minecraft:peony":1,"minecraft:andesite":14,"minecraft:golden_leggings":1,"minecraft:oak_sapling":1,"minecraft:black_wool":1},"minecraft:mined":{"minecraft:spruce_planks":2,"minecraft:white_bed":9,"minecraft:granite":29,"minecraft:grass_block":9,"minecraft:coal_block":5,"minecraft:spawner":9,"minecraft:iron_ore":72,"minecraft:cobbled_deepslate":7,"minecraft:fire":1,"minecraft:deepslate_lapis_ore":41,"minecraft:deepslate_redstone_ore":16,"minecraft:cyan_terracotta":6,"graveyard:dark_iron_trapdoor":8,"minecraft:smoker":2,"graveyard:fire_brazier":9,"minecraft:torch":2,"minecraft:mud_brick_stairs":1,"minecraft:cobblestone":1,"minecraft:white_candle":7,"minecraft:sugar_cane":16,"minecraft:oak_planks":30,"minecraft:bricks":3,"minecraft:wall_torch":3,"minecraft:cauldron":1,"minecraft:deepslate_copper_ore":4,"minecraft:white_terracotta":1,"minecraft:dark_oak_slab":1,"minecraft:grass":6,"minecraft:oak_log":8,"minecraft:dirt":1,"minecraft:oak_leaves":25,"minecraft:deepslate":462,"minecraft:infested_deepslate":4,"minecraft:tuff":127,"minecraft:deepslate_diamond_ore":14,"minecraft:candle":5,"minecraft:dark_oak_log":3,"minecraft:sea_lantern":8,"born_in_chaos_v1:infected_diamond_ore":2,"minecraft:weeping_vines":1,"minecraft:redstone_wire":1,"minecraft:spruce_leaves":24,"minecraft:large_fern":1,"minecraft:furnace":15,"minecraft:andesite":14,"minecraft:peony":1,"minecraft:gold_block":1,"minecraft:deepslate_iron_ore":85,"minecraft:vine":1,"minecraft:stone":73,"minecraft:stone_brick_slab":1,"graveyard:small_light_gray_urn":1,"minecraft:crafting_table":26,"minecraft:emerald_ore":1,"minecraft:campfire":1,"minecraft:copper_ore":32,"minecraft:lapis_ore":10,"minecraft:deepslate_gold_ore":41,"minecraft:diorite":9,"minecraft:birch_planks":3,"minecraft:red_terracotta":1,"graveyard:vase_block":3,"minecraft:spruce_log":24,"minecraft:birch_leaves":10,"minecraft:coal_ore":244,"minecraft:gravel":16,"minecraft:dripstone_block":1,"minecraft:cobweb":131,"minecraft:gold_ore":3,"minecraft:fern":1}},"DataVersion":3465}