{"stats":{"minecraft:mined":{"minecraft:grass":1,"minecraft:oak_leaves":1},"minecraft:picked_up":{"minecraft:wheat_seeds":1},"minecraft:dropped":{"minecraft:wheat_seeds":1},"minecraft:custom":{"minecraft:jump":106,"minecraft:open_chest":1,"minecraft:time_since_rest":9601,"minecraft:crouch_one_cm":30,"minecraft:damage_taken":185,"minecraft:leave_game":4,"minecraft:play_time":9601,"minecraft:sprint_one_cm":10079,"minecraft:time_since_death":9601,"minecraft:walk_on_water_one_cm":2403,"minecraft:walk_one_cm":4728,"minecraft:sneak_time":79,"minecraft:total_world_time":9601,"minecraft:climb_one_cm":679,"minecraft:walk_under_water_one_cm":1121,"minecraft:swim_one_cm":1210,"minecraft:fall_one_cm":3107,"minecraft:drop":1,"minecraft:fly_one_cm":75844}},"DataVersion":3465}