{"stats":{"minecraft:crafted":{"minecraft:oak_planks":44,"minecraft:furnace":2,"born_in_chaos_v1:smoked_monster_flesh":8,"minecraft:cooked_mutton":4,"minecraft:glass":55,"minecraft:stone_pickaxe":1,"minecraft:chest":1,"minecraft:smoker":1,"minecraft:cooked_beef":14,"minecraft:crafting_table":3,"minecraft:spruce_planks":8,"minecraft:wooden_pickaxe":1,"minecraft:campfire":1,"minecraft:stone_axe":1,"minecraft:air":0,"minecraft:oak_boat":1,"minecraft:charcoal":7,"minecraft:stick":20,"born_in_chaos_v1:smoked_flesh":0,"minecraft:stone_sword":1,"minecraft:white_bed":1,"minecraft:torch":24},"minecraft:killed":{"born_in_chaos_v1:zombie_lumberjack":2,"born_in_chaos_v1:restless_spirit":1,"born_in_chaos_v1:skeleton_demoman":1,"born_in_chaos_v1:siamese_skeletonsright":1,"born_in_chaos_v1:zombie_bruiser":2,"born_in_chaos_v1:maggot":4,"creeperoverhaul:snowy_creeper":1,"minecraft:skeleton":3,"born_in_chaos_v1:skeleton_thrasher":1,"alexsmobs:skreecher":1,"alexsmobs:skelewag":1,"alexsmobs:frilled_shark":1,"born_in_chaos_v1:diamond_termite":4,"born_in_chaos_v1:baby_skeleton":1,"alexsmobs:mudskipper":1,"minecraft:wandering_trader":1,"minecraft:frog":2,"minecraft:squid":1,"born_in_chaos_v1:decrepit_skeleton":5,"minecraft:sheep":3,"minecraft:trader_llama":2,"minecraft:pillager":1,"alexsmobs:cockroach":1,"minecraft:zombie":10,"born_in_chaos_v1:corpse_fly":7,"born_in_chaos_v1:nightmare_stalker":1,"alexsmobs:fly":2,"born_in_chaos_v1:door_knight":1,"creeperoverhaul:savannah_creeper":1,"born_in_chaos_v1:siamese_skeletonsleft":1,"minecraft:cow":1},"minecraft:custom":{"minecraft:mob_kills":72,"minecraft:interact_with_crafting_table":16,"minecraft:open_barrel":14,"minecraft:interact_with_campfire":4,"minecraft:damage_dealt_resisted":229,"minecraft:leave_game":42,"minecraft:time_since_death":56470,"minecraft:damage_resisted":5120,"minecraft:climb_one_cm":12627,"minecraft:sprint_one_cm":670949,"minecraft:walk_one_cm":417769,"minecraft:drop":146,"minecraft:damage_dealt_absorbed":4,"minecraft:talked_to_villager":1,"minecraft:play_time":611157,"minecraft:sneak_time":11566,"minecraft:deaths":21,"minecraft:walk_under_water_one_cm":21334,"minecraft:boat_one_cm":29745,"minecraft:jump":9142,"minecraft:walk_on_water_one_cm":31193,"minecraft:total_world_time":611157,"minecraft:interact_with_furnace":32,"minecraft:sleep_in_bed":5,"minecraft:time_since_rest":20752,"minecraft:damage_taken":261104,"minecraft:damage_dealt":12279,"minecraft:swim_one_cm":24760,"minecraft:fly_one_cm":3800841,"minecraft:open_chest":45,"minecraft:crouch_one_cm":26483,"minecraft:interact_with_smoker":6,"minecraft:fall_one_cm":236340,"minecraft:horse_one_cm":1926},"minecraft:picked_up":{"minecraft:charcoal":2,"born_in_chaos_v1:diamond_termite_shard":6,"minecraft:crafting_table":3,"minecraft:black_carpet":1,"minecraft:brown_mushroom":2,"minecraft:lead":2,"minecraft:chain":2,"minecraft:polished_deepslate":1,"minecraft:music_disc_cat":1,"minecraft:string":2,"born_in_chaos_v1:intoxicating_decoction":1,"minecraft:cobbled_deepslate":3,"minecraft:beef":1,"minecraft:sugar_cane":12,"securitycraft:reinforced_deepslate_bricks":2,"minecraft:player_head":2,"minecraft:spruce_slab":1,"minecraft:poppy":3,"minecraft:chest":1,"minecraft:birch_sapling":11,"minecraft:mangrove_log":3,"minecraft:furnace":2,"minecraft:raw_iron":5,"born_in_chaos_v1:shattered_skull":1,"minecraft:squid_spawn_egg":49,"minecraft:torch":4,"minecraft:acacia_log":2,"minecraft:spruce_fence":1,"born_in_chaos_v1:nightmare_claw":3,"born_in_chaos_v1:pieceofdarkmetal":3,"minecraft:carrot":22,"minecraft:light_gray_stained_glass_pane":7,"minecraft:stone_sword":2,"minecraft:arrow":4,"minecraft:stone_shovel":1,"minecraft:rotten_flesh":33,"minecraft:tropical_fish":1,"minecraft:mutton":4,"minecraft:white_wool":6,"minecraft:iron_bars":1,"minecraft:bone_block":3,"minecraft:cobblestone":205,"born_in_chaos_v1:fused_bone":2,"born_in_chaos_v1:corpse_maggot":7,"born_in_chaos_v1:monster_flesh":8,"minecraft:andesite":1,"minecraft:leather":2,"alexsmobs:skreecher_soul":1,"alexsmobs:mysterious_worm":1,"minecraft:oak_log":91,"minecraft:lily_pad":1,"minecraft:gunpowder":1,"minecraft:dirt":101,"minecraft:bone":42,"minecraft:apple":2,"minecraft:stone_bricks":1,"minecraft:wheat_seeds":4,"minecraft:iron_ingot":1,"minecraft:stone_pickaxe":1,"minecraft:glass_bottle":1,"minecraft:bamboo":180,"minecraft:moss_block":1,"minecraft:oak_planks":1,"graveyard:small_light_blue_urn":1,"minecraft:black_candle":3,"minecraft:milk_bucket":63,"alexsmobs:fish_bones":1,"born_in_chaos_v1:ethereal_spirit":5,"minecraft:dandelion":1,"minecraft:gravel":8,"minecraft:sand":1,"minecraft:white_bed":2,"minecraft:spruce_log":2,"alexsmobs:animal_dictionary":1,"minecraft:leather_helmet":3,"graveyard:oak_coffin":2,"minecraft:light_gray_concrete":5,"minecraft:stone_axe":1,"minecraft:crossbow":1,"alexsmobs:maggot":1,"minecraft:oak_sapling":1,"minecraft:coal":1,"minecraft:crimson_roots":10},"minecraft:used":{"minecraft:moss_block":1,"minecraft:iron_bars":1,"alexsmobs:spawn_egg_skunk":1,"minecraft:stone_sword":161,"alexsmobs:spawn_egg_mudskipper":1,"born_in_chaos_v1:ethereal_spirit":7,"minecraft:stone_shovel":54,"born_in_chaos_v1:intoxicating_decoction":1,"minecraft:black_carpet":1,"minecraft:chest":1,"graveyard:oak_coffin":1,"minecraft:player_head":1,"minecraft:rotten_flesh":2,"minecraft:torch":14,"minecraft:dirt":13,"securitycraft:reinforced_deepslate_bricks":333,"alexsmobs:spawn_egg_skelewag":1,"minecraft:crimson_hyphae":95,"securitycraft:reinforced_crimson_hyphae":9,"minecraft:carrot":48,"minecraft:milk_bucket":1,"born_in_chaos_v1:smoked_flesh":1,"alexsmobs:maggot":1,"born_in_chaos_v1:corpse_maggot":6,"born_in_chaos_v1:sharpened_dark_metal_sword":9,"minecraft:grass_block":5,"minecraft:barrel":2,"born_in_chaos_v1:nightmare_stalker_skull":1,"minecraft:glowstone":4,"minecraft:golden_carrot":2,"minecraft:bow":14,"minecraft:oak_sapling":1,"minecraft:furnace":2,"minecraft:gold_block":6,"alexsmobs:spawn_egg_roadrunner":1,"minecraft:cooked_beef":15,"minecraft:cooked_mutton":4,"minecraft:birch_leaves":2,"minecraft:stone_pickaxe":77,"minecraft:wooden_pickaxe":22,"minecraft:deepslate_bricks":12,"alexsmobs:spawn_egg_skreecher":1,"minecraft:sand":1,"minecraft:crafting_table":4,"minecraft:white_bed":2,"securitycraft:universal_block_remover":2,"minecraft:campfire":1,"minecraft:squid_spawn_egg":15,"minecraft:spruce_log":111,"minecraft:smoker":1,"minecraft:oak_log":19,"minecraft:apple":1,"minecraft:light_gray_concrete":5,"born_in_chaos_v1:monster_flesh":1,"minecraft:leather_helmet":1,"minecraft:gravel":3,"born_in_chaos_v1:smoked_monster_flesh":4,"minecraft:stone_axe":101,"alexsmobs:spawn_egg_frilled_shark":2,"minecraft:cobblestone":63,"minecraft:stripped_crimson_hyphae":5,"securitycraft:reinforced_gold_block":2,"minecraft:birch_log":1,"minecraft:chain":2,"minecraft:oak_boat":1,"alexsmobs:animal_dictionary":2,"minecraft:stripped_oak_log":14,"apollyon:the_infector_spawn_egg":1,"apollyon:the_damned_spawn_egg":6,"alexsmobs:spawn_egg_cosmic_cod":1},"minecraft:killed_by":{"born_in_chaos_v1:nightmare_stalker":2,"minecraft:pillager":1,"born_in_chaos_v1:corpse_fly":1,"graveyard:acolyte":3,"apollyon:the_damned":3,"minecraft:skeleton":2,"minecraft:zombie":2,"alexsmobs:anaconda":1},"minecraft:broken":{"minecraft:stone_sword":1},"minecraft:dropped":{"minecraft:spawner":1,"minecraft:enchanted_book":2,"minecraft:iron_ingot":6,"minecraft:bread":1,"alexsmobs:fish_bones":1,"minecraft:brown_mushroom":1,"minecraft:wheat_seeds":1,"minecraft:clock":1,"minecraft:oak_log":34,"minecraft:tnt":2,"minecraft:glass_bottle":2,"minecraft:golden_horse_armor":1,"minecraft:light_gray_stained_glass_pane":7,"minecraft:iron_helmet":2,"minecraft:cobblestone":158,"minecraft:book":9,"minecraft:squid_spawn_egg":98,"alexsmobs:mysterious_worm":1,"minecraft:apple":7,"born_in_chaos_v1:sea_terror_eye":2,"born_in_chaos_v1:nightmare_claw":3,"minecraft:leather_helmet":4,"graveyard:corruption":9,"minecraft:coal":21,"minecraft:golden_apple":8,"minecraft:stick":2,"born_in_chaos_v1:monster_flesh":1,"minecraft:cracked_polished_blackstone_bricks":1,"minecraft:dirt":41,"minecraft:birch_fence":2,"minecraft:milk_bucket":63,"minecraft:golden_carrot":8,"born_in_chaos_v1:monster_skin":5,"minecraft:torch":2,"born_in_chaos_v1:fused_bone":1,"minecraft:diamond_helmet":1,"minecraft:iron_leggings":1,"minecraft:oak_stairs":10,"minecraft:gold_nugget":7,"born_in_chaos_v1:trident_hayfork":1,"minecraft:bone_block":3,"minecraft:stonecutter":1,"minecraft:iron_pickaxe":2,"minecraft:chainmail_leggings":1,"minecraft:string":20,"minecraft:lily_pad":2,"minecraft:white_wool":3,"minecraft:music_disc_cat":2,"minecraft:bone":14,"minecraft:gravel":3,"minecraft:stone_axe":2,"minecraft:sugar_cane":29,"minecraft:player_head":2,"born_in_chaos_v1:fire_dust":1,"minecraft:stone_sword":2,"alexsmobs:animal_dictionary":2,"minecraft:wheat":29,"minecraft:birch_sapling":5,"born_in_chaos_v1:ethereal_spirit":2,"born_in_chaos_v1:rotten_fish":9,"minecraft:stone_shovel":1,"minecraft:rotten_flesh":3,"minecraft:oak_planks":6,"minecraft:iron_boots":2,"sophisticatedbackpacks:backpack":3,"minecraft:name_tag":1,"minecraft:shears":1,"minecraft:carrot":30,"minecraft:flint_and_steel":1,"minecraft:diamond_sword":1,"minecraft:poppy":3,"minecraft:shield":1,"minecraft:gunpowder":24,"minecraft:iron_chestplate":2,"born_in_chaos_v1:corpse_maggot":2,"minecraft:chainmail_boots":1,"minecraft:ladder":1,"born_in_chaos_v1:diamond_termite_shard":6,"minecraft:bamboo":13,"minecraft:diamond_boots":1,"minecraft:arrow":4,"minecraft:bow":1,"minecraft:stone_pickaxe":2,"graveyard:oak_coffin":1,"born_in_chaos_v1:dark_rod":1},"minecraft:mined":{"minecraft:white_bed":2,"minecraft:grass_block":56,"graveyard:skull_on_pike":1,"minecraft:large_fern":2,"graveyard:small_light_blue_urn":1,"minecraft:furnace":2,"minecraft:carrots":6,"graveyard:tg_moss_block":1,"minecraft:iron_ore":5,"minecraft:fire":28,"minecraft:stone":56,"minecraft:crafting_table":3,"minecraft:torch":4,"minecraft:poppy":3,"minecraft:chest":1,"minecraft:campfire":1,"minecraft:tall_grass":2,"minecraft:cobblestone":28,"graveyard:tg_grass_block":1,"minecraft:oak_planks":1,"minecraft:diorite":1,"minecraft:chain":1,"minecraft:birch_leaves":1,"minecraft:grass":16,"graveyard:creeper_skeleton":1,"minecraft:coal_ore":1,"minecraft:oak_log":52,"minecraft:sand":1,"minecraft:gravel":3,"minecraft:dirt":5,"minecraft:cobweb":2,"minecraft:stone_bricks":1,"minecraft:oak_leaves":4}},"DataVersion":3465}