{"stats":{"minecraft:broken":{"minecraft:iron_leggings":1,"minecraft:stone_pickaxe":1,"minecraft:stone_axe":1,"minecraft:stone_sword":1},"minecraft:crafted":{"minecraft:oak_planks":56,"minecraft:cooked_mutton":4,"minecraft:glass":55,"minecraft:chest":1,"minecraft:smoker":1,"minecraft:crafting_table":3,"minecraft:spruce_planks":8,"minecraft:wooden_pickaxe":1,"minecraft:campfire":1,"minecraft:charcoal":7,"minecraft:stick":28,"minecraft:iron_pickaxe":1,"born_in_chaos_v1:smoked_flesh":108,"minecraft:iron_ingot":18,"minecraft:stone_sword":1,"born_in_chaos_v1:nightmare_mantleofthe_night_boots":1,"minecraft:furnace":2,"born_in_chaos_v1:smoked_monster_flesh":8,"minecraft:iron_axe":1,"minecraft:stone_pickaxe":1,"minecraft:cooked_beef":14,"minecraft:iron_sword":1,"minecraft:stone_axe":1,"minecraft:air":0,"minecraft:oak_boat":2,"minecraft:white_bed":1,"minecraft:torch":24},"minecraft:dropped":{"alexsmobs:fish_bones":1,"minecraft:brown_mushroom":1,"minecraft:lapis_lazuli":11,"minecraft:oak_log":34,"minecraft:glass_bottle":2,"minecraft:squid_spawn_egg":98,"alexsmobs:mysterious_worm":1,"born_in_chaos_v1:sea_terror_eye":2,"born_in_chaos_v1:nightmare_claw":3,"graveyard:corruption":9,"minecraft:leather_helmet":4,"born_in_chaos_v1:monster_flesh":3,"minecraft:cracked_polished_blackstone_bricks":1,"minecraft:dirt":71,"minecraft:birch_fence":2,"born_in_chaos_v1:monster_skin":5,"minecraft:gold_nugget":7,"born_in_chaos_v1:trident_hayfork":1,"minecraft:bone_block":3,"minecraft:iron_pickaxe":2,"minecraft:white_wool":3,"minecraft:bone":16,"minecraft:gravel":3,"minecraft:stone_axe":2,"minecraft:sugar_cane":29,"born_in_chaos_v1:fire_dust":1,"alexsmobs:animal_dictionary":2,"minecraft:birch_sapling":5,"minecraft:wheat":29,"born_in_chaos_v1:ethereal_spirit":2,"minecraft:rotten_flesh":8,"born_in_chaos_v1:smoked_flesh":6,"minecraft:oak_planks":9,"minecraft:carrot":30,"minecraft:poppy":3,"minecraft:mangrove_log":2,"minecraft:gunpowder":24,"born_in_chaos_v1:corpse_maggot":3,"born_in_chaos_v1:diamond_termite_shard":6,"minecraft:ladder":1,"minecraft:chainmail_boots":1,"minecraft:arrow":8,"graveyard:oak_coffin":1,"born_in_chaos_v1:dark_rod":1,"minecraft:dead_tube_coral_block":2,"minecraft:spawner":1,"minecraft:enchanted_book":2,"minecraft:iron_ingot":6,"minecraft:bread":1,"born_in_chaos_v1:shattered_skull":1,"minecraft:wheat_seeds":6,"minecraft:clock":1,"minecraft:tnt":2,"minecraft:golden_horse_armor":1,"minecraft:light_gray_stained_glass_pane":7,"minecraft:cobblestone":222,"minecraft:feather":2,"minecraft:iron_helmet":2,"minecraft:book":9,"minecraft:apple":7,"minecraft:granite":6,"born_in_chaos_v1:charmof_power":1,"minecraft:golden_apple":8,"minecraft:coal":21,"minecraft:stick":2,"minecraft:milk_bucket":63,"minecraft:diorite":32,"minecraft:golden_carrot":8,"minecraft:torch":3,"born_in_chaos_v1:fused_bone":1,"minecraft:zombie_head":126,"minecraft:diamond_helmet":1,"minecraft:iron_leggings":1,"minecraft:oak_stairs":10,"minecraft:stonecutter":1,"minecraft:chainmail_leggings":1,"minecraft:string":20,"minecraft:lily_pad":2,"minecraft:music_disc_cat":2,"minecraft:creeper_head":82,"minecraft:player_head":2,"minecraft:stone_sword":2,"minecraft:stone_shovel":1,"born_in_chaos_v1:rotten_fish":9,"born_in_chaos_v1:smoked_monster_flesh":1,"minecraft:iron_boots":2,"sophisticatedbackpacks:backpack":3,"minecraft:name_tag":1,"minecraft:shears":1,"minecraft:pumpkin_seeds":2,"minecraft:flint_and_steel":1,"minecraft:diamond_sword":1,"minecraft:shield":1,"minecraft:iron_chestplate":2,"minecraft:bamboo":13,"minecraft:diamond_boots":1,"minecraft:sandstone":128,"minecraft:bow":1,"minecraft:stone_pickaxe":2},"minecraft:killed":{"born_in_chaos_v1:restless_spirit":1,"born_in_chaos_v1:zombie_lumberjack":2,"born_in_chaos_v1:skeleton_demoman":1,"born_in_chaos_v1:siamese_skeletonsright":1,"minecraft:skeleton":4,"born_in_chaos_v1:skeleton_thrasher":1,"alexsmobs:skelewag":1,"minecraft:zombie_villager":4,"born_in_chaos_v1:diamond_termite":6,"minecraft:sheep":3,"minecraft:trader_llama":2,"minecraft:pillager":1,"minecraft:zombie":11,"born_in_chaos_v1:dread_hound":2,"born_in_chaos_v1:corpse_fly":9,"alexsmobs:fly":2,"born_in_chaos_v1:door_knight":1,"apollyon:the_damned":1,"born_in_chaos_v1:siamese_skeletonsleft":1,"minecraft:cow":1,"born_in_chaos_v1:missioner":2,"alexsmobs:seagull":1,"born_in_chaos_v1:zombie_bruiser":3,"born_in_chaos_v1:maggot":6,"creeperoverhaul:snowy_creeper":1,"alexsmobs:skreecher":1,"alexsmobs:frilled_shark":1,"born_in_chaos_v1:barrel_zombie":1,"born_in_chaos_v1:baby_skeleton":2,"alexsmobs:mudskipper":1,"minecraft:wandering_trader":1,"minecraft:frog":2,"minecraft:squid":1,"born_in_chaos_v1:decrepit_skeleton":6,"alexsmobs:cockroach":1,"born_in_chaos_v1:nightmare_stalker":1,"creeperoverhaul:savannah_creeper":1},"minecraft:killed_by":{"minecraft:zombie_villager":1,"born_in_chaos_v1:nightmare_stalker":2,"minecraft:pillager":1,"alexsmobs:snow_leopard":1,"born_in_chaos_v1:baby_skeleton":1,"graveyard:acolyte":3,"born_in_chaos_v1:corpse_fly":1,"minecraft:zombie":2,"alexsmobs:anaconda":1,"minecraft:player":4,"apollyon:the_infector":1,"apollyon:the_damned":4,"minecraft:skeleton":7,"born_in_chaos_v1:missioner":2},"minecraft:picked_up":{"minecraft:wheat":2,"minecraft:black_carpet":1,"minecraft:lead":2,"minecraft:wither_rose":1,"minecraft:brewing_stand":1,"born_in_chaos_v1:black_argillite":6,"minecraft:polished_deepslate":1,"minecraft:music_disc_cat":1,"minecraft:string":2,"minecraft:dead_tube_coral_block":2,"minecraft:iron_leggings":1,"minecraft:zombie_head":66,"minecraft:cobbled_deepslate":3,"born_in_chaos_v1:charmof_power":1,"minecraft:mangrove_log":3,"minecraft:furnace":2,"born_in_chaos_v1:shattered_skull":2,"minecraft:torch":11,"minecraft:acacia_log":2,"minecraft:diorite":70,"born_in_chaos_v1:nightmare_claw":3,"minecraft:stone_sword":2,"minecraft:rotten_flesh":41,"minecraft:tropical_fish":1,"minecraft:iron_block":2,"minecraft:iron_bars":1,"minecraft:cobblestone":600,"minecraft:feather":2,"minecraft:andesite":5,"minecraft:lapis_lazuli":11,"minecraft:dirt":198,"born_in_chaos_v1:monster_skin":2,"minecraft:bone":50,"minecraft:wheat_seeds":9,"minecraft:bamboo":180,"minecraft:moss_block":1,"minecraft:oak_planks":1,"minecraft:sand":1,"sophisticatedbackpacks:iron_backpack":1,"alexsmobs:animal_dictionary":1,"graveyard:oak_coffin":2,"minecraft:light_gray_concrete":5,"minecraft:crossbow":1,"minecraft:granite":6,"alexsmobs:maggot":1,"minecraft:oak_sapling":1,"minecraft:crimson_roots":10,"minecraft:crafting_table":4,"minecraft:charcoal":2,"born_in_chaos_v1:diamond_termite_shard":8,"minecraft:brown_mushroom":2,"minecraft:chain":3,"born_in_chaos_v1:intoxicating_decoction":1,"graveyard:gravestone":1,"minecraft:beef":1,"securitycraft:reinforced_deepslate_bricks":2,"minecraft:player_head":2,"minecraft:birch_sapling":11,"minecraft:poppy":3,"minecraft:spruce_slab":1,"minecraft:sugar_cane":12,"minecraft:chest":1,"minecraft:raw_iron":10,"minecraft:sandstone":64,"minecraft:squid_spawn_egg":49,"minecraft:spruce_fence":1,"born_in_chaos_v1:pieceofdarkmetal":19,"minecraft:carrot":23,"minecraft:light_gray_stained_glass_pane":7,"born_in_chaos_v1:charmof_fury":2,"minecraft:arrow":9,"minecraft:stone_shovel":1,"minecraft:mutton":4,"minecraft:bone_block":3,"minecraft:white_wool":6,"born_in_chaos_v1:fused_bone":4,"born_in_chaos_v1:corpse_maggot":10,"born_in_chaos_v1:monster_flesh":10,"minecraft:leather":2,"alexsmobs:mysterious_worm":1,"alexsmobs:skreecher_soul":1,"minecraft:oak_log":104,"minecraft:lily_pad":1,"minecraft:gunpowder":1,"minecraft:apple":2,"minecraft:stone_bricks":1,"minecraft:stone_pickaxe":2,"minecraft:iron_ingot":1,"born_in_chaos_v1:chipped_black_argillite_brick":1,"minecraft:glass_bottle":1,"graveyard:small_light_blue_urn":1,"minecraft:milk_bucket":63,"minecraft:black_candle":3,"alexsmobs:fish_bones":1,"born_in_chaos_v1:ethereal_spirit":11,"minecraft:dandelion":1,"minecraft:gravel":8,"minecraft:white_bed":2,"minecraft:spruce_log":2,"minecraft:mossy_stone_brick_slab":1,"minecraft:leather_helmet":3,"minecraft:stone_axe":1,"minecraft:coal":1},"minecraft:custom":{"minecraft:interact_with_crafting_table":20,"minecraft:open_barrel":19,"minecraft:leave_game":45,"minecraft:time_since_death":4068,"minecraft:damage_resisted":5120,"minecraft:sprint_one_cm":966859,"minecraft:drop":187,"minecraft:talked_to_villager":1,"minecraft:play_time":756055,"minecraft:deaths":37,"minecraft:jump":12509,"minecraft:interact_with_brewingstand":1,"minecraft:walk_on_water_one_cm":44143,"minecraft:interact_with_furnace":36,"minecraft:sleep_in_bed":7,"minecraft:damage_dealt":18341,"minecraft:player_kills":1,"minecraft:crouch_one_cm":37431,"minecraft:interact_with_smoker":17,"minecraft:horse_one_cm":1926,"minecraft:mob_kills":94,"minecraft:interact_with_campfire":4,"minecraft:damage_dealt_resisted":1441,"minecraft:climb_one_cm":15233,"minecraft:walk_one_cm":598821,"minecraft:damage_dealt_absorbed":4,"minecraft:sneak_time":15497,"minecraft:walk_under_water_one_cm":26165,"minecraft:boat_one_cm":70182,"minecraft:total_world_time":756055,"minecraft:time_since_rest":4092,"minecraft:damage_taken":267059,"minecraft:swim_one_cm":38344,"minecraft:fly_one_cm":4566516,"minecraft:open_chest":76,"minecraft:fall_one_cm":335606},"minecraft:mined":{"minecraft:white_bed":2,"minecraft:mossy_stone_brick_slab":1,"minecraft:brewing_stand":1,"minecraft:granite":3,"minecraft:grass_block":56,"minecraft:dead_tube_coral_block":2,"graveyard:skull_on_pike":2,"minecraft:tall_seagrass":2,"minecraft:iron_ore":9,"minecraft:fire":29,"minecraft:iron_block":2,"minecraft:torch":7,"minecraft:poppy":3,"minecraft:chest":1,"minecraft:cobblestone":53,"minecraft:oak_planks":1,"graveyard:gravestone":1,"minecraft:wall_torch":2,"minecraft:chain":2,"minecraft:wheat":3,"minecraft:grass":19,"graveyard:creeper_skeleton":1,"minecraft:oak_log":64,"minecraft:dirt":5,"minecraft:sand":1,"minecraft:deepslate":5,"minecraft:oak_leaves":7,"born_in_chaos_v1:infected_diamond_ore":1,"born_in_chaos_v1:black_argillite":6,"minecraft:large_fern":2,"graveyard:small_light_blue_urn":1,"minecraft:furnace":2,"minecraft:carrots":6,"graveyard:tg_moss_block":1,"minecraft:andesite":14,"minecraft:vine":1,"minecraft:stone":139,"minecraft:basalt":1,"minecraft:crafting_table":3,"minecraft:campfire":1,"minecraft:tall_grass":2,"graveyard:tg_grass_block":1,"born_in_chaos_v1:chipped_black_argillite_brick":1,"minecraft:lapis_ore":8,"minecraft:diorite":2,"minecraft:ice":1,"minecraft:birch_leaves":1,"minecraft:coal_ore":14,"minecraft:gravel":3,"minecraft:cobweb":2,"minecraft:stone_bricks":1},"minecraft:used":{"minecraft:moss_block":1,"apollyon:the_infector_spawn_egg":1,"alexsmobs:spawn_egg_skunk":1,"born_in_chaos_v1:intoxicating_decoction":1,"minecraft:black_carpet":1,"minecraft:chest":1,"minecraft:iron_sword":131,"minecraft:player_head":1,"minecraft:rotten_flesh":2,"securitycraft:reinforced_deepslate_bricks":333,"minecraft:carrot":65,"minecraft:milk_bucket":1,"born_in_chaos_v1:corpse_maggot":8,"born_in_chaos_v1:smoked_flesh":44,"minecraft:grass_block":5,"born_in_chaos_v1:sharpened_dark_metal_sword":9,"born_in_chaos_v1:nightmare_stalker_skull":1,"minecraft:bow":14,"minecraft:furnace":2,"minecraft:oak_sapling":1,"minecraft:gold_block":6,"minecraft:diorite":6,"minecraft:birch_leaves":2,"minecraft:stone_pickaxe":148,"minecraft:oak_planks":1,"minecraft:wooden_pickaxe":22,"minecraft:sand":1,"securitycraft:universal_block_remover":2,"minecraft:squid_spawn_egg":15,"minecraft:light_gray_concrete":5,"born_in_chaos_v1:monster_flesh":1,"born_in_chaos_v1:smoked_monster_flesh":7,"minecraft:gravel":3,"alexsmobs:spawn_egg_frilled_shark":2,"securitycraft:reinforced_gold_block":2,"minecraft:andesite":4,"minecraft:birch_log":1,"minecraft:chain":2,"minecraft:oak_boat":2,"apollyon:the_damned_spawn_egg":6,"minecraft:iron_bars":1,"minecraft:stone_sword":161,"alexsmobs:spawn_egg_mudskipper":1,"born_in_chaos_v1:ethereal_spirit":20,"minecraft:stone_shovel":54,"born_in_chaos_v1:black_argillite":2,"graveyard:oak_coffin":1,"minecraft:torch":21,"minecraft:dirt":19,"alexsmobs:spawn_egg_skelewag":1,"minecraft:crimson_hyphae":95,"securitycraft:reinforced_crimson_hyphae":9,"alexsmobs:maggot":1,"minecraft:iron_axe":18,"minecraft:barrel":2,"minecraft:glowstone":4,"minecraft:golden_carrot":2,"alexsmobs:spawn_egg_roadrunner":1,"minecraft:cooked_beef":16,"minecraft:iron_leggings":1,"minecraft:cooked_mutton":4,"minecraft:deepslate_bricks":12,"alexsmobs:spawn_egg_skreecher":1,"minecraft:crafting_table":6,"minecraft:white_bed":3,"minecraft:campfire":1,"minecraft:smoker":1,"minecraft:spruce_log":111,"minecraft:oak_log":19,"minecraft:apple":1,"minecraft:iron_pickaxe":110,"minecraft:leather_helmet":1,"minecraft:stone_axe":105,"minecraft:cobblestone":266,"minecraft:stripped_crimson_hyphae":5,"alexsmobs:animal_dictionary":2,"minecraft:stripped_oak_log":14,"alexsmobs:spawn_egg_cosmic_cod":1}},"DataVersion":3465}