{"stats":{"minecraft:mined":{"minecraft:grass":2,"minecraft:oak_log":25,"minecraft:spruce_log":6},"minecraft:used":{"minecraft:stone_axe":33,"minecraft:crafting_table":1},"minecraft:custom":{"minecraft:time_since_rest":3600,"minecraft:crouch_one_cm":71,"minecraft:sprint_one_cm":8357,"minecraft:play_time":3600,"minecraft:damage_taken":20,"minecraft:walk_one_cm":8748,"minecraft:sneak_time":8,"minecraft:jump":35,"minecraft:leave_game":3,"minecraft:walk_on_water_one_cm":516,"minecraft:time_since_death":3600,"minecraft:climb_one_cm":458,"minecraft:total_world_time":3600,"minecraft:interact_with_crafting_table":1,"minecraft:fall_one_cm":1173,"minecraft:fly_one_cm":3586},"minecraft:crafted":{"minecraft:oak_wood":6,"minecraft:crafting_table":1,"minecraft:spruce_planks":24},"minecraft:picked_up":{"minecraft:oak_log":20,"minecraft:spruce_log":6}},"DataVersion":3465}