{"stats":{"minecraft:custom":{"minecraft:animals_bred":62,"minecraft:interact_with_crafting_table":113,"minecraft:open_barrel":16,"minecraft:leave_game":27,"minecraft:time_since_death":2655,"minecraft:sprint_one_cm":2784738,"minecraft:damage_blocked_by_shield":4350,"minecraft:drop":145,"minecraft:talked_to_villager":4,"minecraft:play_time":1386612,"minecraft:deaths":35,"minecraft:jump":15740,"minecraft:walk_on_water_one_cm":50341,"minecraft:interact_with_furnace":370,"minecraft:sleep_in_bed":80,"minecraft:damage_dealt":38112,"minecraft:crouch_one_cm":152207,"minecraft:horse_one_cm":26,"minecraft:mob_kills":183,"minecraft:damage_dealt_resisted":4102,"minecraft:climb_one_cm":303258,"minecraft:walk_one_cm":5193559,"minecraft:sneak_time":55317,"minecraft:walk_under_water_one_cm":24591,"minecraft:total_world_time":1386612,"minecraft:interact_with_stonecutter":58,"minecraft:time_since_rest":2956,"minecraft:damage_taken":17794,"minecraft:swim_one_cm":70307,"minecraft:fly_one_cm":1905086,"minecraft:open_chest":229,"minecraft:fall_one_cm":332629},"minecraft:used":{"minecraft:iron_shovel":251,"minecraft:chest":10,"minecraft:shield":77,"minecraft:stone":2,"minecraft:carrot":688,"minecraft:lava_bucket":4,"born_in_chaos_v1:gnawed_bones":1,"minecraft:stone_brick_stairs":99,"minecraft:stone_bricks":2189,"minecraft:birch_button":1,"minecraft:scaffolding":472,"minecraft:furnace":9,"minecraft:oak_sapling":12,"minecraft:potato":15,"minecraft:spruce_door":1,"minecraft:stone_pickaxe":3551,"minecraft:oak_planks":108,"minecraft:sugar_cane":23,"minecraft:stone_brick_wall":127,"minecraft:bread":1,"minecraft:wooden_sword":8,"minecraft:chainmail_boots":1,"minecraft:smooth_stone_slab":26,"minecraft:bone_meal":209,"minecraft:stone_sword":133,"minecraft:flint_and_steel":2,"minecraft:stone_shovel":1431,"minecraft:wooden_shovel":118,"born_in_chaos_v1:fried_maggot":16,"minecraft:stone_hoe":88,"minecraft:cooked_chicken":6,"minecraft:oak_door":1,"minecraft:torch":93,"minecraft:dirt":1554,"minecraft:spruce_stairs":13,"minecraft:iron_axe":343,"minecraft:bamboo":3,"minecraft:cooked_beef":15,"minecraft:pumpkin":1,"minecraft:cooked_mutton":8,"born_in_chaos_v1:trident_hayfork":533,"minecraft:wheat_seeds":28,"minecraft:water_bucket":9,"minecraft:baked_potato":6,"minecraft:stonecutter":2,"minecraft:crafting_table":15,"minecraft:lime_bed":2,"minecraft:campfire":1,"minecraft:spruce_log":2,"minecraft:oak_log":2,"minecraft:apple":7,"minecraft:spruce_trapdoor":29,"minecraft:spruce_sapling":57,"minecraft:stone_axe":662,"minecraft:cobblestone":18,"minecraft:cooked_porkchop":2,"minecraft:bucket":13},"minecraft:mined":{"minecraft:oak_sapling":1,"minecraft:spruce_trapdoor":6,"minecraft:grass_block":1607,"minecraft:stone_brick_wall":5,"minecraft:composter":1,"minecraft:chiseled_stone_bricks":1,"minecraft:spawner":9,"minecraft:iron_ore":10,"minecraft:cobbled_deepslate":1,"minecraft:fire":1,"minecraft:pumpkin":1,"minecraft:iron_bars":11,"minecraft:torch":7,"minecraft:cobblestone":1597,"minecraft:sugar_cane":5,"minecraft:oak_planks":9,"minecraft:wall_torch":12,"minecraft:wheat":29,"born_in_chaos_v1:river_mint":13,"minecraft:stone_brick_stairs":31,"minecraft:smooth_stone_slab":2,"minecraft:grass":50,"minecraft:oak_log":108,"minecraft:dirt":369,"minecraft:stonecutter":2,"minecraft:oak_leaves":39,"graveyard:torso_pile":1,"minecraft:spruce_leaves":383,"minecraft:large_fern":1,"minecraft:spruce_sapling":1,"minecraft:furnace":4,"minecraft:carrots":134,"minecraft:bookshelf":3,"minecraft:potatoes":7,"minecraft:vine":1,"minecraft:bamboo":47,"minecraft:stone":1429,"minecraft:scaffolding":135,"minecraft:dandelion":1,"minecraft:crafting_table":7,"minecraft:tall_grass":12,"minecraft:copper_ore":7,"minecraft:spruce_stairs":3,"minecraft:birch_planks":1,"minecraft:lime_bed":2,"minecraft:spruce_log":273,"minecraft:coal_ore":159,"minecraft:gravel":2,"minecraft:polished_blackstone":1,"minecraft:stone_bricks":42,"minecraft:mossy_stone_bricks":5},"minecraft:picked_up":{"minecraft:seagrass":3,"minecraft:iron_chestplate":1,"minecraft:wheat":87,"minecraft:chainmail_boots":1,"minecraft:lead":9,"minecraft:oak_stairs":20,"minecraft:wither_rose":1,"minecraft:birch_button":1,"minecraft:stone_brick_stairs":10,"minecraft:string":61,"minecraft:raw_copper":17,"minecraft:smooth_stone_slab":1,"minecraft:pufferfish":1,"minecraft:gold_nugget":7,"minecraft:cobbled_deepslate":1,"minecraft:bucket":1,"minecraft:spruce_planks":8,"minecraft:furnace":4,"minecraft:stick":63,"born_in_chaos_v1:shattered_skull":2,"minecraft:composter":1,"minecraft:torch":26,"minecraft:spruce_stairs":3,"minecraft:porkchop":3,"born_in_chaos_v1:nightmare_claw":2,"graveyard:dark_iron_trapdoor":8,"born_in_chaos_v1:fried_maggot":5,"minecraft:rotten_flesh":118,"minecraft:tropical_fish":1,"minecraft:iron_bars":8,"minecraft:cobblestone":2641,"minecraft:feather":3,"minecraft:jungle_log":2,"minecraft:potato":26,"minecraft:dirt":2308,"born_in_chaos_v1:monster_skin":17,"minecraft:bone":54,"minecraft:stonecutter":3,"minecraft:bow":3,"minecraft:wheat_seeds":94,"minecraft:diamond_helmet":1,"minecraft:mossy_stone_bricks":7,"minecraft:bamboo":338,"minecraft:oak_planks":18,"graveyard:fire_brazier":8,"minecraft:cooked_porkchop":2,"graveyard:bone_dagger":2,"minecraft:ink_sac":1,"alexsmobs:animal_dictionary":2,"minecraft:white_candle":21,"born_in_chaos_v1:fire_dust":2,"minecraft:cracked_polished_blackstone_bricks":1,"minecraft:bread":1,"minecraft:oak_sapling":24,"minecraft:crafting_table":8,"minecraft:chicken":4,"born_in_chaos_v1:river_mint":16,"minecraft:leather_leggings":1,"minecraft:stone_brick_wall":5,"minecraft:shield":2,"minecraft:flint_and_steel":1,"born_in_chaos_v1:intoxicating_decoction":2,"minecraft:birch_fence":4,"graveyard:corruption":8,"minecraft:candle":15,"minecraft:beef":17,"born_in_chaos_v1:gnawed_bones":4,"minecraft:sugar_cane":46,"minecraft:spruce_trapdoor":6,"minecraft:raw_iron":16,"minecraft:stone":22,"sophisticatedbackpacks:backpack":1,"minecraft:carrot":546,"minecraft:prismarine_crystals":20,"minecraft:arrow":20,"minecraft:stone_shovel":1,"minecraft:shears":1,"minecraft:diamond_boots":1,"born_in_chaos_v1:trident_hayfork":5,"born_in_chaos_v1:fused_bone":4,"born_in_chaos_v1:corpse_maggot":27,"minecraft:lime_bed":2,"minecraft:clock":1,"born_in_chaos_v1:monster_flesh":11,"minecraft:leather":9,"minecraft:birch_planks":3,"minecraft:oak_log":96,"minecraft:lily_pad":2,"minecraft:apple":2,"minecraft:stone_bricks":42,"minecraft:stone_pickaxe":3,"minecraft:iron_ingot":10,"minecraft:cooked_chicken":1,"minecraft:book":18,"minecraft:scaffolding":309,"minecraft:pumpkin":1,"minecraft:chiseled_stone_bricks":1,"born_in_chaos_v1:bone_heart":1,"born_in_chaos_v1:ethereal_spirit":8,"minecraft:dandelion":2,"minecraft:gravel":4,"minecraft:spruce_sapling":71,"minecraft:spruce_log":268,"minecraft:stone_axe":1,"minecraft:chainmail_leggings":1,"minecraft:iron_helmet":2,"minecraft:baked_potato":1,"minecraft:coal":180},"minecraft:dropped":{"minecraft:cooked_beef":1,"minecraft:oak_log":2,"minecraft:baked_potato":1,"minecraft:cooked_porkchop":3,"minecraft:dirt":226,"minecraft:seagrass":3,"born_in_chaos_v1:trident_hayfork":2,"minecraft:bone":13,"minecraft:oak_door":2,"minecraft:gravel":2,"minecraft:iron_nugget":6,"alexsmobs:animal_dictionary":1,"minecraft:wheat":30,"born_in_chaos_v1:ethereal_spirit":1,"minecraft:rotten_flesh":77,"minecraft:oak_planks":1,"minecraft:carrot":14,"born_in_chaos_v1:corpse_maggot":3,"minecraft:leather_boots":1,"minecraft:chainmail_boots":1,"minecraft:leather_leggings":1,"minecraft:iron_bars":2,"minecraft:arrow":12,"minecraft:scaffolding":1,"born_in_chaos_v1:intoxicating_decoction":1,"born_in_chaos_v1:shattered_skull":1,"minecraft:wheat_seeds":14,"minecraft:iron_helmet":1,"minecraft:cobblestone":19,"minecraft:apple":2,"minecraft:coal":5,"minecraft:stick":16,"minecraft:pufferfish":1,"born_in_chaos_v1:river_mint":11,"minecraft:ink_sac":1,"minecraft:torch":1,"born_in_chaos_v1:fused_bone":4,"minecraft:string":1,"minecraft:lily_pad":1,"minecraft:spruce_sapling":1,"minecraft:dandelion":2,"minecraft:stone_shovel":2,"sophisticatedbackpacks:backpack":1,"minecraft:shears":1,"minecraft:stone":21,"minecraft:spruce_planks":10,"minecraft:mossy_stone_bricks":2,"minecraft:oak_sapling":12,"minecraft:stone_bricks":1,"minecraft:stone_pickaxe":2},"minecraft:broken":{"minecraft:iron_shovel":1,"minecraft:wooden_shovel":2,"minecraft:diamond_helmet":1,"minecraft:iron_chestplate":1,"minecraft:golden_leggings":1,"minecraft:stone_pickaxe":27,"minecraft:diamond_boots":1,"minecraft:stone_axe":5,"minecraft:stone_shovel":10,"minecraft:chainmail_leggings":1,"minecraft:stone_sword":1,"minecraft:iron_axe":1,"born_in_chaos_v1:trident_hayfork":1},"minecraft:killed":{"born_in_chaos_v1:zombie_clown":1,"born_in_chaos_v1:restless_spirit":2,"born_in_chaos_v1:zombie_lumberjack":3,"born_in_chaos_v1:skeleton_demoman":1,"minecraft:spider":5,"born_in_chaos_v1:siamese_skeletonsright":1,"born_in_chaos_v1:scarlet_persecutor":10,"minecraft:skeleton":13,"graveyard:acolyte":4,"minecraft:chicken":4,"born_in_chaos_v1:skeleton_thrasher":1,"born_in_chaos_v1:firelight_not_despawn":2,"born_in_chaos_v1:bonescaller":1,"minecraft:pig":1,"minecraft:trader_llama":1,"minecraft:pillager":3,"minecraft:zombie":36,"born_in_chaos_v1:dread_hound":12,"born_in_chaos_v1:corpse_fly":14,"born_in_chaos_v1:door_knight":1,"apollyon:the_damned":2,"born_in_chaos_v1:siamese_skeletonsleft":2,"minecraft:cow":13,"alexsmobs:raccoon":1,"born_in_chaos_v1:zombie_bruiser":2,"born_in_chaos_v1:maggot":17,"born_in_chaos_v1:barrel_zombie":2,"born_in_chaos_v1:fallen_chaos_knight":1,"graveyard:ghoul":1,"born_in_chaos_v1:baby_skeleton":2,"born_in_chaos_v1:swarmer":1,"minecraft:wandering_trader":1,"minecraft:frog":1,"born_in_chaos_v1:decrepit_skeleton":11,"born_in_chaos_v1:bloody_gadfly":1,"born_in_chaos_v1:nightmare_stalker":2},"minecraft:killed_by":{"born_in_chaos_v1:nightmare_stalker":5,"minecraft:creeper":2,"minecraft:pillager":1,"graveyard:acolyte":1,"graveyard:skeleton_creeper":1,"minecraft:zombie":3,"born_in_chaos_v1:scarlet_persecutor":4,"minecraft:player":1,"minecraft:spider":1,"born_in_chaos_v1:dark_vortex":1,"apollyon:the_damned":1,"minecraft:skeleton":9},"minecraft:crafted":{"minecraft:smooth_stone":27,"minecraft:oak_planks":226,"minecraft:cooked_chicken":5,"minecraft:stone":2459,"minecraft:cooked_mutton":7,"minecraft:chest":11,"minecraft:stone_hoe":2,"minecraft:stone_bricks":17,"minecraft:wooden_shovel":2,"minecraft:cooked_porkchop":3,"minecraft:crafting_table":7,"minecraft:spruce_planks":236,"minecraft:iron_helmet":1,"minecraft:spruce_door":3,"minecraft:campfire":1,"minecraft:stone_brick_stairs":18,"minecraft:spruce_trapdoor":29,"minecraft:iron_chestplate":1,"minecraft:charcoal":181,"minecraft:shield":2,"minecraft:stick":58,"minecraft:iron_ingot":12,"minecraft:shears":1,"minecraft:oak_door":3,"minecraft:stone_shovel":10,"minecraft:stone_brick_wall":73,"minecraft:leather_leggings":1,"minecraft:furnace":5,"minecraft:bone_meal":147,"minecraft:flint_and_steel":1,"minecraft:scaffolding":274,"minecraft:spruce_stairs":44,"minecraft:iron_axe":2,"born_in_chaos_v1:fried_maggot":13,"minecraft:stone_pickaxe":24,"minecraft:cooked_beef":17,"minecraft:bucket":1,"minecraft:stone_axe":3,"minecraft:bread":1,"minecraft:air":0,"minecraft:iron_shovel":1,"minecraft:torch":32}},"DataVersion":3465}