{"stats":{"minecraft:broken":{"minecraft:iron_shovel":2,"minecraft:wooden_shovel":2,"minecraft:diamond_helmet":1,"minecraft:iron_chestplate":1,"minecraft:chainmail_boots":1,"minecraft:golden_leggings":1,"minecraft:stone_pickaxe":33,"minecraft:diamond_boots":1,"minecraft:stone_axe":7,"minecraft:stone_shovel":10,"minecraft:golden_chestplate":1,"minecraft:chainmail_leggings":1,"minecraft:stone_sword":1,"minecraft:shield":1,"minecraft:iron_axe":1,"minecraft:leather_boots":1,"minecraft:iron_pickaxe":1,"born_in_chaos_v1:trident_hayfork":1},"minecraft:dropped":{"minecraft:brown_mushroom":2,"minecraft:cooked_beef":1,"minecraft:oak_log":66,"minecraft:baked_potato":1,"minecraft:cooked_porkchop":3,"minecraft:dirt":405,"minecraft:seagrass":3,"born_in_chaos_v1:trident_hayfork":2,"minecraft:bone":15,"minecraft:oak_door":2,"minecraft:gravel":12,"minecraft:iron_nugget":6,"alexsmobs:animal_dictionary":1,"minecraft:wheat":30,"born_in_chaos_v1:ethereal_spirit":1,"minecraft:rotten_flesh":83,"minecraft:oak_planks":1,"minecraft:carrot":16,"born_in_chaos_v1:corpse_maggot":7,"minecraft:leather_boots":1,"minecraft:chainmail_boots":1,"minecraft:leather_leggings":1,"minecraft:iron_bars":2,"minecraft:arrow":15,"minecraft:scaffolding":1,"born_in_chaos_v1:intoxicating_decoction":1,"born_in_chaos_v1:shattered_skull":1,"minecraft:wheat_seeds":15,"minecraft:iron_helmet":1,"minecraft:cobblestone":19,"minecraft:apple":2,"minecraft:granite":18,"minecraft:tropical_fish":1,"graveyard:bone_dagger":1,"minecraft:coal":5,"minecraft:stick":38,"minecraft:pufferfish":1,"minecraft:diorite":38,"born_in_chaos_v1:river_mint":12,"minecraft:ink_sac":1,"minecraft:torch":1,"born_in_chaos_v1:fused_bone":4,"minecraft:string":1,"minecraft:lily_pad":1,"minecraft:spruce_sapling":1,"minecraft:dandelion":2,"alexsmobs:maggot":1,"minecraft:raw_copper":28,"minecraft:stone_shovel":2,"sophisticatedbackpacks:backpack":1,"minecraft:shears":1,"minecraft:stone":21,"minecraft:spruce_planks":10,"minecraft:andesite":71,"minecraft:mossy_stone_bricks":2,"minecraft:oak_sapling":12,"minecraft:stone_bricks":1,"minecraft:stone_pickaxe":5},"minecraft:crafted":{"minecraft:smooth_stone":27,"minecraft:oak_planks":234,"minecraft:cooked_chicken":5,"minecraft:stone":2954,"minecraft:cooked_mutton":7,"minecraft:iron_boots":1,"minecraft:chest":11,"minecraft:stone_hoe":2,"minecraft:stone_bricks":17,"minecraft:wooden_shovel":2,"minecraft:cooked_porkchop":22,"minecraft:crafting_table":7,"minecraft:spruce_planks":264,"minecraft:wooden_pickaxe":1,"minecraft:iron_helmet":2,"minecraft:baked_potato":6,"minecraft:spruce_door":3,"minecraft:campfire":1,"minecraft:stone_brick_stairs":38,"minecraft:spruce_trapdoor":29,"minecraft:iron_chestplate":1,"minecraft:charcoal":239,"minecraft:shield":2,"minecraft:stick":80,"born_in_chaos_v1:smoked_flesh":14,"minecraft:iron_pickaxe":1,"minecraft:iron_ingot":62,"minecraft:shears":1,"minecraft:oak_door":3,"minecraft:stone_shovel":10,"minecraft:stone_brick_wall":73,"minecraft:leather_leggings":1,"minecraft:furnace":8,"minecraft:bone_meal":147,"minecraft:flint_and_steel":1,"minecraft:scaffolding":274,"minecraft:spruce_stairs":44,"minecraft:iron_axe":2,"born_in_chaos_v1:fried_maggot":20,"minecraft:stone_pickaxe":30,"minecraft:spruce_boat":1,"minecraft:cooked_beef":17,"minecraft:bucket":1,"minecraft:stone_axe":4,"minecraft:bread":1,"minecraft:air":0,"minecraft:iron_shovel":1,"minecraft:iron_leggings":1,"minecraft:stonecutter":1,"minecraft:torch":48},"minecraft:killed":{"born_in_chaos_v1:zombie_clown":1,"born_in_chaos_v1:restless_spirit":2,"born_in_chaos_v1:zombie_lumberjack":3,"born_in_chaos_v1:skeleton_demoman":1,"minecraft:spider":6,"born_in_chaos_v1:siamese_skeletonsright":1,"born_in_chaos_v1:scarlet_persecutor":10,"minecraft:skeleton":14,"graveyard:acolyte":4,"minecraft:chicken":4,"born_in_chaos_v1:skeleton_thrasher":1,"born_in_chaos_v1:firelight_not_despawn":2,"born_in_chaos_v1:bonescaller":1,"minecraft:pig":5,"born_in_chaos_v1:diamond_termite":2,"minecraft:trader_llama":1,"minecraft:pillager":4,"minecraft:zombie":39,"born_in_chaos_v1:dread_hound":13,"born_in_chaos_v1:corpse_fly":15,"alexsmobs:fly":1,"born_in_chaos_v1:door_knight":2,"apollyon:the_damned":2,"born_in_chaos_v1:siamese_skeletonsleft":2,"minecraft:cow":13,"alexsmobs:raccoon":1,"born_in_chaos_v1:zombie_bruiser":2,"born_in_chaos_v1:maggot":23,"born_in_chaos_v1:barrel_zombie":2,"born_in_chaos_v1:fallen_chaos_knight":1,"graveyard:ghoul":1,"born_in_chaos_v1:baby_skeleton":2,"born_in_chaos_v1:swarmer":1,"minecraft:wandering_trader":1,"minecraft:frog":1,"born_in_chaos_v1:decrepit_skeleton":13,"born_in_chaos_v1:bloody_gadfly":1,"born_in_chaos_v1:nightmare_stalker":3},"minecraft:killed_by":{"born_in_chaos_v1:nightmare_stalker":5,"minecraft:creeper":2,"minecraft:pillager":2,"born_in_chaos_v1:zombie_bruiser":1,"born_in_chaos_v1:zombie_fisherman":1,"graveyard:acolyte":1,"born_in_chaos_v1:corpse_fly":1,"graveyard:skeleton_creeper":1,"minecraft:zombie":7,"born_in_chaos_v1:scarlet_persecutor":4,"minecraft:player":1,"minecraft:spider":1,"born_in_chaos_v1:dark_vortex":1,"apollyon:the_damned":2,"born_in_chaos_v1:decrepit_skeleton":1,"minecraft:skeleton":14,"born_in_chaos_v1:door_knight":1,"born_in_chaos_v1:dread_hound":1},"minecraft:picked_up":{"minecraft:seagrass":3,"minecraft:iron_chestplate":1,"minecraft:wheat":87,"minecraft:chainmail_boots":1,"minecraft:lead":9,"minecraft:oak_stairs":20,"minecraft:wither_rose":1,"minecraft:birch_button":1,"minecraft:stone_brick_stairs":10,"born_in_chaos_v1:black_argillite":43,"minecraft:string":61,"minecraft:raw_copper":73,"minecraft:smooth_stone_slab":1,"minecraft:pufferfish":1,"minecraft:gold_nugget":7,"minecraft:cobbled_deepslate":126,"minecraft:bucket":1,"minecraft:spruce_planks":8,"born_in_chaos_v1:nightmare_mantleofthe_night_helmet":1,"minecraft:furnace":6,"minecraft:stick":85,"born_in_chaos_v1:shattered_skull":2,"minecraft:composter":1,"minecraft:torch":28,"minecraft:spruce_stairs":3,"minecraft:porkchop":9,"minecraft:diorite":38,"born_in_chaos_v1:nightmare_claw":2,"graveyard:dark_iron_trapdoor":8,"born_in_chaos_v1:fried_maggot":5,"minecraft:rotten_flesh":127,"minecraft:tropical_fish":1,"minecraft:iron_bars":8,"minecraft:cobblestone":3924,"minecraft:feather":3,"minecraft:andesite":71,"minecraft:jungle_log":2,"minecraft:potato":40,"minecraft:dirt":2646,"born_in_chaos_v1:monster_skin":17,"minecraft:bone":60,"minecraft:stonecutter":3,"minecraft:bow":3,"minecraft:wheat_seeds":95,"minecraft:diamond_helmet":1,"minecraft:mossy_stone_bricks":7,"minecraft:bamboo":338,"minecraft:oak_planks":28,"graveyard:fire_brazier":8,"minecraft:cooked_porkchop":2,"graveyard:bone_dagger":2,"minecraft:ink_sac":1,"alexsmobs:animal_dictionary":2,"minecraft:white_candle":21,"born_in_chaos_v1:fire_dust":2,"minecraft:cracked_polished_blackstone_bricks":1,"minecraft:granite":18,"minecraft:bone_meal":1,"minecraft:bread":1,"alexsmobs:maggot":1,"minecraft:oak_sapling":40,"sophisticatedbackpacks:gold_backpack":1,"born_in_chaos_v1:diamond_termite_shard":2,"minecraft:crafting_table":8,"minecraft:chicken":4,"born_in_chaos_v1:river_mint":17,"minecraft:leather_leggings":1,"minecraft:brown_mushroom":2,"minecraft:stone_brick_wall":5,"minecraft:shield":2,"minecraft:flint_and_steel":1,"born_in_chaos_v1:intoxicating_decoction":2,"minecraft:birch_fence":4,"graveyard:corruption":8,"minecraft:candle":15,"minecraft:beef":17,"minecraft:oak_boat":1,"born_in_chaos_v1:gnawed_bones":4,"minecraft:sugar_cane":46,"minecraft:spruce_trapdoor":6,"minecraft:raw_iron":60,"minecraft:stone":22,"sophisticatedbackpacks:backpack":1,"minecraft:carrot":780,"minecraft:redstone":28,"minecraft:prismarine_crystals":20,"minecraft:arrow":23,"minecraft:stone_shovel":1,"minecraft:shears":1,"minecraft:diamond_boots":1,"born_in_chaos_v1:trident_hayfork":5,"born_in_chaos_v1:fused_bone":4,"born_in_chaos_v1:corpse_maggot":32,"minecraft:lime_bed":2,"minecraft:clock":1,"born_in_chaos_v1:monster_flesh":13,"minecraft:leather":9,"minecraft:birch_planks":3,"minecraft:oak_log":216,"minecraft:lily_pad":2,"minecraft:apple":3,"minecraft:stone_bricks":43,"minecraft:stone_pickaxe":7,"minecraft:iron_ingot":10,"minecraft:cooked_chicken":1,"minecraft:book":18,"minecraft:scaffolding":317,"minecraft:pumpkin":1,"minecraft:chiseled_stone_bricks":1,"born_in_chaos_v1:ethereal_spirit":8,"born_in_chaos_v1:bone_heart":1,"minecraft:dandelion":2,"minecraft:gravel":14,"minecraft:spruce_sapling":71,"minecraft:spruce_log":288,"minecraft:stone_axe":1,"minecraft:chainmail_leggings":1,"minecraft:iron_helmet":2,"minecraft:baked_potato":1,"minecraft:coal":206},"minecraft:custom":{"minecraft:animals_bred":70,"minecraft:interact_with_crafting_table":148,"minecraft:open_barrel":18,"minecraft:leave_game":55,"minecraft:time_since_death":34938,"minecraft:sprint_one_cm":3693911,"minecraft:damage_blocked_by_shield":8025,"minecraft:drop":186,"minecraft:talked_to_villager":4,"minecraft:play_time":1748858,"minecraft:deaths":52,"minecraft:jump":20137,"minecraft:walk_on_water_one_cm":77635,"minecraft:interact_with_furnace":474,"minecraft:sleep_in_bed":92,"minecraft:damage_dealt":42030,"minecraft:crouch_one_cm":231325,"minecraft:interact_with_smoker":1,"minecraft:horse_one_cm":60167,"minecraft:mob_kills":208,"minecraft:damage_dealt_resisted":4123,"minecraft:climb_one_cm":358227,"minecraft:walk_one_cm":6156677,"minecraft:sneak_time":95254,"minecraft:walk_under_water_one_cm":31007,"minecraft:boat_one_cm":139556,"minecraft:total_world_time":1748858,"minecraft:interact_with_stonecutter":65,"minecraft:time_since_rest":12055,"minecraft:damage_taken":24662,"minecraft:swim_one_cm":93502,"minecraft:fly_one_cm":2489893,"minecraft:open_chest":333,"minecraft:fall_one_cm":418336},"minecraft:mined":{"minecraft:oak_sapling":1,"minecraft:spruce_trapdoor":6,"minecraft:granite":10,"minecraft:grass_block":1860,"minecraft:stone_brick_wall":5,"minecraft:composter":1,"minecraft:chiseled_stone_bricks":1,"minecraft:spawner":9,"minecraft:iron_ore":45,"minecraft:cobbled_deepslate":2,"minecraft:fire":1,"minecraft:pumpkin":1,"minecraft:iron_bars":11,"minecraft:brown_mushroom":1,"minecraft:torch":8,"minecraft:cobblestone":2243,"minecraft:sugar_cane":5,"minecraft:oak_planks":10,"minecraft:wall_torch":14,"minecraft:wheat":29,"born_in_chaos_v1:river_mint":14,"minecraft:stone_brick_stairs":31,"minecraft:smooth_stone_slab":2,"minecraft:grass":54,"minecraft:oak_log":206,"minecraft:dirt":384,"minecraft:stonecutter":2,"minecraft:deepslate":4,"minecraft:oak_leaves":155,"graveyard:torso_pile":1,"minecraft:candle":1,"born_in_chaos_v1:infected_diamond_ore":1,"born_in_chaos_v1:black_argillite":13,"graveyard:tg_deepslate":1,"minecraft:spruce_leaves":387,"minecraft:large_fern":2,"minecraft:redstone_ore":6,"minecraft:spruce_sapling":1,"minecraft:furnace":6,"minecraft:carrots":190,"minecraft:andesite":29,"minecraft:polished_deepslate":2,"minecraft:bookshelf":3,"minecraft:potatoes":12,"minecraft:deepslate_iron_ore":2,"minecraft:vine":3,"minecraft:bamboo":47,"minecraft:stone":1722,"minecraft:scaffolding":140,"minecraft:dandelion":1,"minecraft:crafting_table":7,"minecraft:tall_grass":14,"minecraft:copper_ore":7,"minecraft:diorite":2,"minecraft:spruce_stairs":3,"minecraft:birch_planks":1,"minecraft:lime_bed":2,"minecraft:spruce_log":293,"minecraft:coal_ore":177,"minecraft:gravel":10,"minecraft:polished_blackstone":1,"minecraft:stone_bricks":43,"minecraft:mossy_stone_bricks":5},"minecraft:used":{"minecraft:iron_shovel":502,"minecraft:chest":10,"minecraft:shield":133,"minecraft:stone":2,"minecraft:carrot":794,"minecraft:spruce_boat":1,"born_in_chaos_v1:smoked_flesh":5,"minecraft:lava_bucket":4,"born_in_chaos_v1:gnawed_bones":1,"minecraft:stone_brick_stairs":121,"minecraft:stone_bricks":2636,"minecraft:birch_button":1,"minecraft:bow":1,"minecraft:scaffolding":512,"minecraft:furnace":11,"minecraft:oak_sapling":28,"minecraft:potato":29,"minecraft:spruce_door":1,"minecraft:stone_pickaxe":4400,"minecraft:oak_planks":108,"minecraft:wooden_pickaxe":8,"minecraft:sugar_cane":23,"minecraft:stone_brick_wall":127,"minecraft:bread":1,"minecraft:wooden_sword":17,"minecraft:chainmail_boots":1,"minecraft:smooth_stone_slab":26,"minecraft:oak_boat":1,"minecraft:bone_meal":209,"minecraft:stone_sword":209,"minecraft:flint_and_steel":2,"minecraft:stone_shovel":1431,"minecraft:wooden_shovel":118,"born_in_chaos_v1:fried_maggot":23,"minecraft:stone_hoe":88,"minecraft:cooked_chicken":6,"minecraft:oak_door":1,"minecraft:torch":133,"minecraft:dirt":1582,"minecraft:spruce_stairs":13,"minecraft:iron_axe":409,"minecraft:bamboo":3,"minecraft:cooked_beef":15,"minecraft:pumpkin":1,"minecraft:cooked_mutton":8,"born_in_chaos_v1:trident_hayfork":533,"minecraft:wheat_seeds":28,"minecraft:water_bucket":9,"minecraft:baked_potato":8,"minecraft:stonecutter":3,"minecraft:lime_bed":2,"minecraft:crafting_table":15,"minecraft:campfire":1,"minecraft:spruce_log":2,"minecraft:oak_log":4,"minecraft:apple":8,"minecraft:iron_pickaxe":242,"minecraft:spruce_trapdoor":29,"minecraft:spruce_sapling":63,"minecraft:stone_axe":803,"minecraft:cobblestone":41,"minecraft:cooked_porkchop":21,"minecraft:bucket":13}},"DataVersion":3465}