{"stats":{"minecraft:broken":{"minecraft:stone_pickaxe":15,"minecraft:stone_axe":22,"minecraft:wooden_axe":1,"minecraft:stone_shovel":23,"minecraft:stone_sword":2,"minecraft:wooden_pickaxe":1,"minecraft:iron_helmet":1},"minecraft:dropped":{"minecraft:porkchop":2,"minecraft:cooked_porkchop":5,"minecraft:squid_spawn_egg":49,"minecraft:leather":1,"born_in_chaos_v1:pieceofdarkmetal":1,"born_in_chaos_v1:nightmare_claw":2,"born_in_chaos_v1:monster_flesh":2,"minecraft:dirt":153,"born_in_chaos_v1:monster_skin":3,"minecraft:mutton":2,"minecraft:chain":2,"born_in_chaos_v1:trident_hayfork":1,"minecraft:phantom_membrane":2,"minecraft:white_wool":4,"minecraft:bone":8,"minecraft:stone_axe":1,"minecraft:cooked_chicken":1,"born_in_chaos_v1:ethereal_spirit":3,"minecraft:rotten_flesh":23,"minecraft:oak_planks":11,"minecraft:cooked_mutton":5,"minecraft:carrot":74,"minecraft:gunpowder":2,"born_in_chaos_v1:corpse_maggot":5,"minecraft:chest":1,"minecraft:iron_bars":3,"minecraft:glass":6,"minecraft:lectern":1,"born_in_chaos_v1:intoxicating_decoction":3,"born_in_chaos_v1:wood_splitter_axe":2,"born_in_chaos_v1:shattered_skull":5,"minecraft:wheat_seeds":9,"minecraft:light_gray_stained_glass_pane":14,"minecraft:iron_helmet":1,"minecraft:cobblestone":388,"minecraft:granite":2,"graveyard:bone_dagger":2,"minecraft:coal":76,"minecraft:pufferfish":2,"born_in_chaos_v1:gnawed_bones":3,"born_in_chaos_v1:anluka_doors":2,"minecraft:deepslate_brick_stairs":1,"born_in_chaos_v1:river_mint":7,"minecraft:golden_carrot":3,"minecraft:string":2,"alexsmobs:maggot":2,"minecraft:raw_iron":6,"minecraft:stone_shovel":1,"minecraft:white_carpet":4,"minecraft:spruce_fence":1,"minecraft:glass_pane":7,"minecraft:andesite":17,"minecraft:oak_boat":1,"minecraft:spider_eye":1,"minecraft:stone_pickaxe":4,"minecraft:purple_candle":1,"alexsmobs:shed_snake_skin":1},"minecraft:crafted":{"minecraft:black_dye":27,"minecraft:light_gray_concrete_powder":616,"minecraft:oak_planks":2335,"minecraft:cooked_chicken":8,"minecraft:birch_slab":42,"minecraft:cooked_mutton":4,"minecraft:glass":163,"minecraft:iron_boots":1,"minecraft:chest":4,"minecraft:cooked_porkchop":41,"minecraft:crafting_table":9,"minecraft:spruce_planks":8,"minecraft:baked_potato":5,"minecraft:birch_planks":548,"minecraft:iron_chestplate":1,"minecraft:birch_fence":36,"minecraft:stick":212,"minecraft:iron_ingot":54,"minecraft:iron_pickaxe":1,"minecraft:stone_sword":1,"minecraft:light_gray_dye":102,"minecraft:birch_stairs":36,"minecraft:light_gray_stained_glass_pane":176,"minecraft:oak_door":3,"minecraft:stone_shovel":23,"minecraft:furnace":2,"minecraft:bone_meal":207,"minecraft:glass_pane":304,"minecraft:white_concrete_powder":312,"minecraft:black_concrete_powder":144,"minecraft:stone_pickaxe":19,"minecraft:cooked_beef":34,"minecraft:stone_axe":23,"minecraft:air":0,"minecraft:oak_boat":1,"minecraft:white_dye":132,"minecraft:iron_leggings":1,"minecraft:torch":292},"minecraft:killed":{"born_in_chaos_v1:zombie_clown":2,"born_in_chaos_v1:mr_pumpkin":1,"born_in_chaos_v1:zombie_lumberjack":1,"born_in_chaos_v1:restless_spirit":5,"born_in_chaos_v1:skeleton_demoman":1,"minecraft:spider":1,"born_in_chaos_v1:siamese_skeletonsright":1,"minecraft:zombie_horse":1,"born_in_chaos_v1:scarlet_persecutor":3,"minecraft:skeleton":7,"graveyard:acolyte":6,"minecraft:chicken":14,"born_in_chaos_v1:skeleton_thrasher":1,"minecraft:skeleton_horse":2,"born_in_chaos_v1:firelight_not_despawn":2,"minecraft:pig":28,"minecraft:zombie_villager":1,"born_in_chaos_v1:diamond_termite":2,"minecraft:sheep":6,"minecraft:trader_llama":1,"minecraft:pillager":1,"minecraft:zombie":30,"born_in_chaos_v1:dread_hound":12,"born_in_chaos_v1:corpse_fly":5,"born_in_chaos_v1:door_knight":5,"born_in_chaos_v1:siamese_skeletonsleft":1,"minecraft:cow":17,"born_in_chaos_v1:zombie_bruiser":4,"born_in_chaos_v1:maggot":20,"minecraft:phantom":3,"born_in_chaos_v1:dire_hound_leader":1,"born_in_chaos_v1:baby_skeleton":2,"minecraft:squid":10,"born_in_chaos_v1:decrepit_skeleton":7,"born_in_chaos_v1:bloody_gadfly":1,"born_in_chaos_v1:nightmare_stalker":2},"minecraft:killed_by":{"born_in_chaos_v1:nightmare_stalker":1,"born_in_chaos_v1:diamond_termite":1,"minecraft:silverfish":1,"born_in_chaos_v1:siamese_skeletons":1,"minecraft:zombie":5,"born_in_chaos_v1:scarlet_persecutor":3,"alexsmobs:anaconda":1,"minecraft:player":5,"graveyard:ghoul":7,"born_in_chaos_v1:bonescaller":1,"minecraft:skeleton":5,"born_in_chaos_v1:missioner":1},"minecraft:picked_up":{"minecraft:wooden_axe":1,"minecraft:wheat":30,"minecraft:black_carpet":4,"minecraft:chainmail_boots":1,"minecraft:lead":1,"minecraft:oak_stairs":1,"minecraft:potion":1,"minecraft:amethyst_block":23,"born_in_chaos_v1:black_argillite":23,"minecraft:string":2,"minecraft:raw_copper":17,"minecraft:pufferfish":2,"minecraft:cobbled_deepslate":52,"minecraft:furnace":5,"minecraft:dark_oak_door":1,"minecraft:stick":45,"born_in_chaos_v1:shattered_skull":6,"minecraft:torch":153,"minecraft:acacia_log":2,"minecraft:porkchop":54,"minecraft:cherry_log":2,"minecraft:diorite":6,"born_in_chaos_v1:nightmare_claw":3,"minecraft:stone_sword":1,"minecraft:rotten_flesh":110,"minecraft:tropical_fish":1,"minecraft:deepslate_brick_stairs":2,"minecraft:iron_bars":3,"minecraft:cobblestone":1460,"minecraft:birch_log":319,"born_in_chaos_v1:staffof_magic_arrows":2,"minecraft:feather":20,"minecraft:cooked_beef":1,"minecraft:birch_slab":9,"minecraft:andesite":76,"minecraft:potato":7,"minecraft:flint":64,"minecraft:tuff":8,"born_in_chaos_v1:anluka_doors":2,"minecraft:lapis_lazuli":50,"minecraft:stripped_birch_log":1,"minecraft:dirt":1531,"minecraft:lantern":3,"minecraft:light_gray_concrete_powder":41,"born_in_chaos_v1:monster_skin":14,"minecraft:leather_boots":1,"minecraft:glass":6,"minecraft:bone":49,"minecraft:wheat_seeds":99,"minecraft:glowstone_dust":2,"minecraft:oak_planks":268,"graveyard:bone_dagger":2,"minecraft:sand":844,"minecraft:stripped_spruce_log":1,"minecraft:ink_sac":25,"alexsmobs:animal_dictionary":1,"graveyard:oak_coffin":1,"minecraft:white_candle":11,"minecraft:black_concrete_powder":1,"born_in_chaos_v1:fire_dust":2,"minecraft:diamond":8,"minecraft:soul_lantern":1,"minecraft:granite":58,"minecraft:bone_meal":1,"minecraft:white_concrete":3,"alexsmobs:maggot":2,"minecraft:oak_sapling":25,"born_in_chaos_v1:rotten_fish":5,"born_in_chaos_v1:sea_terror_stomach":1,"sophisticatedbackpacks:gold_backpack":1,"minecraft:crafting_table":4,"born_in_chaos_v1:diamond_termite_shard":10,"minecraft:azure_bluet":34,"minecraft:chicken":17,"born_in_chaos_v1:river_mint":7,"born_in_chaos_v1:seedof_chaos":2,"minecraft:brown_mushroom":2,"minecraft:wooden_pickaxe":1,"minecraft:chain":4,"minecraft:shield":1,"alexsmobs:shed_snake_skin":2,"minecraft:wooden_sword":3,"minecraft:white_carpet":4,"born_in_chaos_v1:intoxicating_decoction":7,"minecraft:birch_fence":7,"graveyard:corruption":4,"minecraft:candle":7,"minecraft:beef":34,"born_in_chaos_v1:gnawed_bones":3,"minecraft:oak_boat":3,"minecraft:poppy":3,"minecraft:lectern":1,"minecraft:chest":2,"minecraft:birch_sapling":5,"minecraft:phantom_membrane":2,"minecraft:spruce_trapdoor":1,"minecraft:raw_iron":97,"minecraft:oak_door":3,"minecraft:squid_spawn_egg":49,"minecraft:spruce_fence":1,"minecraft:white_dye":3,"born_in_chaos_v1:pieceofdarkmetal":10,"minecraft:carrot":524,"minecraft:light_gray_stained_glass_pane":14,"minecraft:arrow":14,"minecraft:stone_shovel":2,"born_in_chaos_v1:wood_splitter_axe":3,"minecraft:shears":1,"minecraft:polished_blackstone":2,"born_in_chaos_v1:trident_hayfork":2,"minecraft:mutton":13,"minecraft:white_wool":6,"minecraft:bone_block":4,"minecraft:oxeye_daisy":68,"minecraft:stripped_oak_log":30,"born_in_chaos_v1:corpse_maggot":19,"born_in_chaos_v1:black_argillite_column_slab":4,"minecraft:golden_carrot":9,"born_in_chaos_v1:monster_flesh":12,"minecraft:leather":22,"minecraft:birch_planks":117,"minecraft:oak_log":1213,"minecraft:gunpowder":5,"minecraft:spawner":1,"minecraft:cooked_mutton":5,"minecraft:apple":10,"minecraft:gray_carpet":3,"minecraft:iron_ingot":7,"minecraft:stone_pickaxe":3,"minecraft:glass_bottle":1,"minecraft:black_candle":3,"minecraft:pumpkin":8,"born_in_chaos_v1:ethereal_spirit":10,"minecraft:dandelion":1,"minecraft:gravel":607,"minecraft:birch_stairs":3,"minecraft:amethyst_shard":8,"minecraft:spruce_sapling":1,"minecraft:white_bed":4,"minecraft:spruce_log":11,"minecraft:spider_eye":1,"minecraft:white_concrete_powder":16,"minecraft:stone_axe":1,"minecraft:coal":434,"minecraft:ender_pearl":1},"minecraft:custom":{"minecraft:animals_bred":14,"minecraft:interact_with_crafting_table":126,"minecraft:open_barrel":5,"minecraft:leave_game":20,"minecraft:time_since_death":37629,"minecraft:sprint_one_cm":4775333,"minecraft:drop":155,"minecraft:talked_to_villager":3,"minecraft:play_time":1280681,"minecraft:deaths":47,"minecraft:jump":23422,"minecraft:walk_on_water_one_cm":123461,"minecraft:interact_with_furnace":111,"minecraft:sleep_in_bed":54,"minecraft:damage_dealt":36566,"minecraft:player_kills":7,"minecraft:crouch_one_cm":203580,"minecraft:mob_kills":210,"minecraft:damage_dealt_resisted":1882,"minecraft:climb_one_cm":34194,"minecraft:walk_one_cm":3169784,"minecraft:damage_dealt_absorbed":76,"minecraft:sneak_time":53268,"minecraft:walk_under_water_one_cm":46655,"minecraft:boat_one_cm":52535,"minecraft:total_world_time":1280681,"minecraft:time_since_rest":37679,"minecraft:damage_taken":22176,"minecraft:swim_one_cm":122634,"minecraft:fly_one_cm":5433439,"minecraft:open_chest":291,"minecraft:fall_one_cm":552207},"minecraft:mined":{"minecraft:spruce_planks":3,"minecraft:white_bed":6,"minecraft:granite":66,"minecraft:budding_amethyst":1,"minecraft:grass_block":1135,"minecraft:white_concrete":2,"minecraft:oxeye_daisy":68,"minecraft:spawner":1,"minecraft:iron_ore":88,"minecraft:fire":1,"minecraft:pumpkin":8,"minecraft:azure_bluet":34,"minecraft:oak_stairs":1,"minecraft:iron_bars":2,"minecraft:black_candle":1,"minecraft:amethyst_cluster":1,"minecraft:soul_lantern":5,"born_in_chaos_v1:infected_deepslate_diamond_ore":4,"minecraft:torch":61,"minecraft:chest":1,"born_in_chaos_v1:black_argillite_column_slab":4,"minecraft:white_candle":4,"minecraft:cobblestone":52,"minecraft:oak_planks":276,"minecraft:wall_torch":66,"minecraft:amethyst_block":23,"minecraft:seagrass":2,"minecraft:chain":1,"minecraft:black_concrete_powder":1,"graveyard:oak_coffin":1,"minecraft:dark_oak_door":1,"minecraft:birch_log":197,"minecraft:wheat":31,"minecraft:grass":29,"minecraft:oak_log":1157,"minecraft:sand":860,"minecraft:dirt":592,"minecraft:oak_leaves":105,"minecraft:deepslate":50,"graveyard:torso_pile":1,"minecraft:tuff":8,"minecraft:light_gray_stained_glass_pane":35,"minecraft:deepslate_diamond_ore":8,"minecraft:candle":2,"minecraft:oak_door":2,"minecraft:stripped_birch_log":1,"born_in_chaos_v1:infected_diamond_ore":1,"minecraft:spruce_fence":2,"born_in_chaos_v1:black_argillite":3,"minecraft:birch_slab":7,"minecraft:spruce_leaves":3,"minecraft:white_concrete_powder":16,"minecraft:furnace":5,"minecraft:carrots":157,"minecraft:andesite":37,"minecraft:stripped_spruce_log":1,"minecraft:potatoes":2,"minecraft:vine":1,"minecraft:deepslate_iron_ore":5,"minecraft:lantern":2,"minecraft:stripped_oak_log":14,"minecraft:bamboo":3,"minecraft:stone":1244,"minecraft:bone_block":3,"minecraft:birch_stairs":3,"minecraft:glass_pane":33,"minecraft:crafting_table":6,"minecraft:light_gray_concrete_powder":41,"minecraft:tall_grass":2,"minecraft:copper_ore":5,"minecraft:birch_planks":119,"minecraft:ice":1,"minecraft:spruce_log":7,"minecraft:birch_leaves":12,"minecraft:coal_ore":364,"minecraft:gravel":674,"minecraft:polished_blackstone":1,"minecraft:birch_fence":7},"minecraft:used":{"minecraft:light_gray_stained_glass_pane":159,"minecraft:white_concrete_powder":311,"minecraft:chest":6,"minecraft:iron_chestplate":1,"minecraft:carrot":621,"minecraft:tuff":8,"minecraft:bow":21,"minecraft:oak_sapling":19,"minecraft:furnace":7,"minecraft:stone_pickaxe":2040,"minecraft:oak_planks":2484,"minecraft:wooden_pickaxe":52,"minecraft:black_concrete_powder":91,"minecraft:birch_fence":37,"minecraft:birch_slab":51,"born_in_chaos_v1:monster_flesh":1,"minecraft:bread":2,"minecraft:wooden_sword":14,"minecraft:andesite":10,"minecraft:birch_log":6,"minecraft:oak_boat":2,"minecraft:white_concrete":3,"minecraft:bone_meal":18,"minecraft:stone_sword":257,"minecraft:stone_shovel":3252,"graveyard:oak_coffin":1,"minecraft:cooked_chicken":7,"minecraft:oak_door":3,"minecraft:torch":373,"minecraft:dirt":1515,"minecraft:granite":2,"minecraft:wooden_axe":30,"minecraft:oak_stairs":1,"minecraft:spawner":1,"minecraft:golden_carrot":6,"minecraft:cooked_beef":35,"minecraft:cobbled_deepslate":15,"born_in_chaos_v1:trident_hayfork":148,"minecraft:wheat_seeds":43,"minecraft:cooked_mutton":4,"minecraft:water_bucket":503,"minecraft:birch_planks":526,"minecraft:baked_potato":4,"minecraft:crafting_table":13,"minecraft:white_bed":4,"minecraft:light_gray_concrete_powder":653,"minecraft:spruce_log":1,"minecraft:oak_log":560,"minecraft:apple":5,"minecraft:iron_pickaxe":34,"minecraft:spruce_sapling":1,"minecraft:stone_axe":2756,"minecraft:cobblestone":288,"minecraft:potion":1,"minecraft:cooked_porkchop":8,"minecraft:bucket":504,"born_in_chaos_v1:wood_splitter_axe":134,"minecraft:glass_pane":73,"minecraft:stripped_oak_log":13,"minecraft:birch_stairs":17}},"DataVersion":3465}