{"stats":{"minecraft:crafted":{"minecraft:black_dye":2,"minecraft:light_gray_concrete_powder":616,"minecraft:oak_planks":1803,"minecraft:cooked_chicken":8,"minecraft:birch_slab":42,"minecraft:cooked_mutton":4,"minecraft:glass":91,"minecraft:chest":4,"minecraft:cooked_porkchop":37,"minecraft:crafting_table":8,"minecraft:spruce_planks":8,"minecraft:birch_planks":548,"minecraft:iron_chestplate":1,"minecraft:birch_fence":36,"minecraft:stick":176,"minecraft:iron_ingot":54,"minecraft:iron_pickaxe":1,"minecraft:stone_sword":1,"minecraft:light_gray_dye":86,"minecraft:birch_stairs":36,"minecraft:light_gray_stained_glass_pane":48,"minecraft:oak_door":3,"minecraft:stone_shovel":20,"minecraft:furnace":2,"minecraft:bone_meal":207,"minecraft:glass_pane":128,"minecraft:white_concrete_powder":248,"minecraft:black_concrete_powder":16,"minecraft:stone_pickaxe":9,"minecraft:cooked_beef":34,"minecraft:stone_axe":20,"minecraft:air":0,"minecraft:oak_boat":1,"minecraft:white_dye":132,"minecraft:iron_leggings":1,"minecraft:torch":236},"minecraft:killed":{"born_in_chaos_v1:zombie_clown":2,"born_in_chaos_v1:mr_pumpkin":1,"born_in_chaos_v1:restless_spirit":2,"born_in_chaos_v1:skeleton_demoman":1,"minecraft:spider":1,"minecraft:zombie_horse":1,"born_in_chaos_v1:scarlet_persecutor":3,"minecraft:skeleton":2,"graveyard:acolyte":6,"minecraft:chicken":13,"born_in_chaos_v1:firelight_not_despawn":2,"minecraft:pig":26,"born_in_chaos_v1:diamond_termite":2,"minecraft:sheep":6,"minecraft:trader_llama":1,"minecraft:pillager":1,"minecraft:zombie":27,"born_in_chaos_v1:dread_hound":6,"born_in_chaos_v1:corpse_fly":4,"born_in_chaos_v1:door_knight":4,"minecraft:cow":17,"born_in_chaos_v1:zombie_bruiser":4,"born_in_chaos_v1:maggot":16,"minecraft:phantom":3,"born_in_chaos_v1:dire_hound_leader":1,"born_in_chaos_v1:baby_skeleton":1,"born_in_chaos_v1:decrepit_skeleton":4,"born_in_chaos_v1:bloody_gadfly":1,"born_in_chaos_v1:nightmare_stalker":2},"minecraft:custom":{"minecraft:animals_bred":8,"minecraft:interact_with_crafting_table":97,"minecraft:open_barrel":5,"minecraft:leave_game":15,"minecraft:time_since_death":88802,"minecraft:sprint_one_cm":3753579,"minecraft:drop":121,"minecraft:talked_to_villager":3,"minecraft:play_time":980498,"minecraft:deaths":34,"minecraft:jump":17156,"minecraft:walk_on_water_one_cm":87807,"minecraft:interact_with_furnace":88,"minecraft:sleep_in_bed":48,"minecraft:damage_dealt":28407,"minecraft:player_kills":7,"minecraft:crouch_one_cm":155586,"minecraft:mob_kills":161,"minecraft:damage_dealt_resisted":738,"minecraft:climb_one_cm":27227,"minecraft:walk_one_cm":2489801,"minecraft:damage_dealt_absorbed":76,"minecraft:sneak_time":42114,"minecraft:walk_under_water_one_cm":41525,"minecraft:boat_one_cm":52535,"minecraft:total_world_time":980498,"minecraft:time_since_rest":9350,"minecraft:damage_taken":15312,"minecraft:swim_one_cm":85975,"minecraft:fly_one_cm":4030533,"minecraft:open_chest":195,"minecraft:fall_one_cm":423363},"minecraft:used":{"minecraft:light_gray_stained_glass_pane":48,"minecraft:white_concrete_powder":158,"minecraft:chest":6,"minecraft:iron_chestplate":1,"minecraft:carrot":447,"minecraft:tuff":8,"minecraft:furnace":7,"minecraft:oak_sapling":18,"minecraft:stone_pickaxe":1350,"minecraft:oak_planks":1956,"minecraft:wooden_pickaxe":52,"minecraft:black_concrete_powder":17,"minecraft:birch_fence":37,"minecraft:birch_slab":51,"minecraft:bread":2,"minecraft:wooden_sword":14,"minecraft:birch_log":6,"minecraft:andesite":2,"minecraft:oak_boat":2,"minecraft:white_concrete":3,"minecraft:bone_meal":18,"minecraft:stone_sword":257,"minecraft:stone_shovel":2787,"minecraft:cooked_chicken":7,"graveyard:oak_coffin":1,"minecraft:oak_door":3,"minecraft:torch":317,"minecraft:dirt":1350,"minecraft:granite":2,"minecraft:wooden_axe":30,"minecraft:oak_stairs":1,"minecraft:golden_carrot":6,"minecraft:cooked_beef":35,"minecraft:cobbled_deepslate":15,"born_in_chaos_v1:trident_hayfork":51,"minecraft:wheat_seeds":19,"minecraft:cooked_mutton":4,"minecraft:water_bucket":339,"minecraft:birch_planks":526,"minecraft:crafting_table":11,"minecraft:white_bed":4,"minecraft:light_gray_concrete_powder":653,"minecraft:spruce_log":1,"minecraft:oak_log":389,"minecraft:apple":5,"minecraft:iron_pickaxe":33,"minecraft:spruce_sapling":1,"minecraft:stone_axe":2274,"minecraft:cobblestone":228,"minecraft:potion":1,"minecraft:bucket":340,"born_in_chaos_v1:wood_splitter_axe":1,"minecraft:glass_pane":73,"minecraft:stripped_oak_log":13,"minecraft:birch_stairs":17},"minecraft:picked_up":{"minecraft:wooden_axe":1,"minecraft:wheat":8,"minecraft:black_carpet":4,"minecraft:chainmail_boots":1,"minecraft:lead":1,"minecraft:oak_stairs":1,"minecraft:potion":1,"minecraft:amethyst_block":23,"minecraft:string":2,"minecraft:raw_copper":12,"minecraft:pufferfish":2,"minecraft:cobbled_deepslate":33,"minecraft:furnace":5,"minecraft:dark_oak_door":1,"minecraft:stick":28,"born_in_chaos_v1:shattered_skull":6,"minecraft:torch":131,"minecraft:porkchop":50,"minecraft:cherry_log":2,"born_in_chaos_v1:nightmare_claw":3,"minecraft:stone_sword":1,"minecraft:rotten_flesh":82,"minecraft:deepslate_brick_stairs":2,"minecraft:iron_bars":3,"minecraft:cobblestone":816,"minecraft:birch_log":319,"born_in_chaos_v1:staffof_magic_arrows":1,"minecraft:feather":20,"minecraft:cooked_beef":1,"minecraft:birch_slab":9,"minecraft:andesite":11,"minecraft:potato":7,"minecraft:flint":53,"minecraft:tuff":8,"born_in_chaos_v1:anluka_doors":2,"minecraft:dirt":1320,"minecraft:stripped_birch_log":1,"minecraft:lantern":3,"minecraft:light_gray_concrete_powder":41,"born_in_chaos_v1:monster_skin":12,"minecraft:leather_boots":1,"minecraft:glass":6,"minecraft:bone":26,"minecraft:wheat_seeds":33,"minecraft:glowstone_dust":2,"minecraft:oak_planks":241,"graveyard:bone_dagger":2,"minecraft:sand":618,"minecraft:stripped_spruce_log":1,"alexsmobs:animal_dictionary":1,"graveyard:oak_coffin":1,"minecraft:black_concrete_powder":1,"born_in_chaos_v1:fire_dust":2,"minecraft:diamond":8,"minecraft:soul_lantern":1,"minecraft:granite":4,"minecraft:bone_meal":1,"minecraft:white_concrete":3,"alexsmobs:maggot":2,"born_in_chaos_v1:rotten_fish":5,"minecraft:oak_sapling":19,"born_in_chaos_v1:sea_terror_stomach":1,"minecraft:crafting_table":3,"born_in_chaos_v1:diamond_termite_shard":9,"minecraft:azure_bluet":29,"minecraft:chicken":16,"born_in_chaos_v1:river_mint":7,"minecraft:brown_mushroom":2,"minecraft:wooden_pickaxe":1,"minecraft:chain":1,"minecraft:wooden_sword":3,"born_in_chaos_v1:intoxicating_decoction":7,"minecraft:birch_fence":7,"graveyard:corruption":3,"minecraft:beef":34,"born_in_chaos_v1:gnawed_bones":3,"minecraft:oak_boat":3,"minecraft:poppy":3,"minecraft:lectern":1,"minecraft:chest":2,"minecraft:birch_sapling":5,"minecraft:phantom_membrane":1,"minecraft:spruce_trapdoor":1,"minecraft:raw_iron":66,"minecraft:oak_door":3,"minecraft:spruce_fence":1,"minecraft:white_dye":3,"born_in_chaos_v1:pieceofdarkmetal":10,"minecraft:carrot":524,"minecraft:light_gray_stained_glass_pane":14,"minecraft:arrow":5,"minecraft:stone_shovel":2,"born_in_chaos_v1:wood_splitter_axe":2,"minecraft:shears":1,"minecraft:polished_blackstone":2,"born_in_chaos_v1:trident_hayfork":2,"minecraft:mutton":13,"minecraft:white_wool":6,"minecraft:bone_block":4,"minecraft:oxeye_daisy":65,"minecraft:stripped_oak_log":21,"born_in_chaos_v1:corpse_maggot":16,"born_in_chaos_v1:black_argillite_column_slab":4,"minecraft:golden_carrot":9,"born_in_chaos_v1:monster_flesh":9,"minecraft:leather":20,"minecraft:birch_planks":117,"minecraft:oak_log":875,"minecraft:gunpowder":5,"minecraft:cooked_mutton":5,"minecraft:apple":8,"minecraft:gray_carpet":3,"minecraft:iron_ingot":4,"minecraft:stone_pickaxe":3,"minecraft:black_candle":3,"minecraft:pumpkin":8,"born_in_chaos_v1:ethereal_spirit":6,"minecraft:dandelion":1,"minecraft:gravel":534,"minecraft:birch_stairs":3,"minecraft:amethyst_shard":8,"minecraft:spruce_sapling":1,"minecraft:white_bed":4,"minecraft:spruce_log":11,"minecraft:spider_eye":1,"minecraft:white_concrete_powder":10,"minecraft:stone_axe":1,"minecraft:coal":321,"minecraft:ender_pearl":1},"minecraft:killed_by":{"minecraft:silverfish":1,"born_in_chaos_v1:diamond_termite":1,"born_in_chaos_v1:siamese_skeletons":1,"minecraft:zombie":4,"born_in_chaos_v1:scarlet_persecutor":3,"minecraft:player":5,"born_in_chaos_v1:bonescaller":1,"minecraft:skeleton":3},"minecraft:broken":{"minecraft:stone_pickaxe":9,"minecraft:stone_axe":18,"minecraft:wooden_axe":1,"minecraft:stone_shovel":20,"minecraft:stone_sword":2,"minecraft:wooden_pickaxe":1},"minecraft:dropped":{"minecraft:porkchop":2,"minecraft:leather":1,"born_in_chaos_v1:pieceofdarkmetal":1,"born_in_chaos_v1:nightmare_claw":2,"born_in_chaos_v1:monster_flesh":2,"minecraft:dirt":79,"born_in_chaos_v1:monster_skin":2,"minecraft:mutton":2,"minecraft:chain":1,"born_in_chaos_v1:trident_hayfork":1,"minecraft:white_wool":4,"minecraft:bone":8,"minecraft:stone_axe":1,"minecraft:cooked_chicken":1,"born_in_chaos_v1:ethereal_spirit":3,"minecraft:rotten_flesh":11,"minecraft:cooked_mutton":5,"minecraft:carrot":39,"minecraft:gunpowder":2,"born_in_chaos_v1:corpse_maggot":1,"minecraft:chest":1,"minecraft:iron_bars":3,"minecraft:glass":6,"minecraft:lectern":1,"born_in_chaos_v1:intoxicating_decoction":3,"born_in_chaos_v1:wood_splitter_axe":2,"born_in_chaos_v1:shattered_skull":5,"minecraft:wheat_seeds":9,"minecraft:light_gray_stained_glass_pane":14,"minecraft:cobblestone":52,"minecraft:iron_helmet":1,"minecraft:granite":2,"graveyard:bone_dagger":2,"minecraft:coal":44,"minecraft:pufferfish":2,"born_in_chaos_v1:gnawed_bones":3,"born_in_chaos_v1:anluka_doors":2,"minecraft:deepslate_brick_stairs":1,"born_in_chaos_v1:river_mint":7,"minecraft:golden_carrot":3,"minecraft:string":2,"alexsmobs:maggot":2,"minecraft:raw_iron":6,"minecraft:stone_shovel":1,"minecraft:spruce_fence":1,"minecraft:glass_pane":7,"minecraft:andesite":1,"minecraft:oak_boat":1,"minecraft:spider_eye":1,"minecraft:stone_pickaxe":2,"minecraft:purple_candle":1},"minecraft:mined":{"minecraft:white_bed":6,"minecraft:granite":4,"minecraft:budding_amethyst":1,"minecraft:grass_block":1130,"minecraft:white_concrete":2,"minecraft:oxeye_daisy":65,"minecraft:spawner":1,"minecraft:iron_ore":61,"minecraft:fire":1,"minecraft:pumpkin":8,"minecraft:azure_bluet":29,"minecraft:oak_stairs":1,"minecraft:iron_bars":2,"minecraft:black_candle":1,"minecraft:amethyst_cluster":1,"minecraft:soul_lantern":5,"born_in_chaos_v1:infected_deepslate_diamond_ore":4,"minecraft:torch":60,"minecraft:chest":1,"born_in_chaos_v1:black_argillite_column_slab":4,"minecraft:cobblestone":41,"minecraft:oak_planks":249,"minecraft:wall_torch":57,"minecraft:amethyst_block":23,"minecraft:chain":1,"minecraft:black_concrete_powder":1,"graveyard:oak_coffin":1,"minecraft:dark_oak_door":1,"minecraft:birch_log":197,"minecraft:wheat":8,"minecraft:grass":23,"minecraft:oak_log":851,"minecraft:sand":632,"minecraft:dirt":432,"minecraft:oak_leaves":67,"minecraft:deepslate":44,"graveyard:torso_pile":1,"minecraft:tuff":8,"minecraft:light_gray_stained_glass_pane":32,"minecraft:deepslate_diamond_ore":8,"minecraft:oak_door":2,"minecraft:stripped_birch_log":1,"born_in_chaos_v1:infected_diamond_ore":1,"minecraft:spruce_fence":2,"minecraft:birch_slab":7,"minecraft:spruce_leaves":3,"minecraft:white_concrete_powder":10,"minecraft:furnace":5,"minecraft:carrots":157,"minecraft:andesite":12,"minecraft:stripped_spruce_log":1,"minecraft:potatoes":2,"minecraft:deepslate_iron_ore":5,"minecraft:lantern":2,"minecraft:stripped_oak_log":5,"minecraft:stone":808,"minecraft:bone_block":3,"minecraft:birch_stairs":3,"minecraft:glass_pane":1,"minecraft:crafting_table":4,"minecraft:light_gray_concrete_powder":41,"minecraft:tall_grass":1,"minecraft:copper_ore":3,"minecraft:birch_planks":119,"minecraft:spruce_log":7,"minecraft:birch_leaves":12,"minecraft:coal_ore":252,"minecraft:gravel":591,"minecraft:polished_blackstone":1,"minecraft:birch_fence":7}},"DataVersion":3465}