{"stats":{"minecraft:crafted":{"minecraft:oak_planks":24,"minecraft:crafting_table":1,"minecraft:wooden_pickaxe":1,"minecraft:furnace":1,"minecraft:stone_axe":1,"minecraft:shield":1,"minecraft:stick":8,"minecraft:stone_pickaxe":1,"minecraft:stone_sword":1},"minecraft:killed":{"born_in_chaos_v1:maggot":11,"minecraft:skeleton":1,"minecraft:zombie":43,"born_in_chaos_v1:corpse_fly":3,"alexsmobs:crow":1,"minecraft:wither_skeleton":1},"minecraft:custom":{"minecraft:mob_kills":60,"minecraft:interact_with_crafting_table":4,"minecraft:damage_dealt_resisted":486,"minecraft:leave_game":1,"minecraft:time_since_death":464,"minecraft:climb_one_cm":585,"minecraft:time_since_rest":611,"minecraft:sprint_one_cm":123507,"minecraft:damage_taken":1160,"minecraft:walk_one_cm":105767,"minecraft:drop":7,"minecraft:damage_dealt":8560,"minecraft:play_noteblock":1,"minecraft:damage_dealt_absorbed":121,"minecraft:swim_one_cm":13612,"minecraft:fly_one_cm":75820,"minecraft:open_chest":32,"minecraft:crouch_one_cm":3229,"minecraft:play_time":38231,"minecraft:deaths":1,"minecraft:sneak_time":1491,"minecraft:walk_under_water_one_cm":354,"minecraft:interact_with_lectern":1,"minecraft:jump":593,"minecraft:walk_on_water_one_cm":1257,"minecraft:total_world_time":38231,"minecraft:fall_one_cm":10106},"minecraft:used":{"minecraft:stone_sword":247,"minecraft:stone_pickaxe":48,"minecraft:wooden_pickaxe":6,"minecraft:iron_sword":1,"minecraft:rotten_flesh":7,"minecraft:glow_berries":56,"minecraft:dirt":1,"minecraft:crafting_table":3,"minecraft:carrot":10,"minecraft:oak_log":12,"born_in_chaos_v1:corpse_maggot":2,"minecraft:stone_axe":66,"minecraft:sweet_berries":31,"minecraft:golden_pickaxe":5},"minecraft:picked_up":{"born_in_chaos_v1:corpse_maggot":7,"minecraft:crafting_table":3,"minecraft:iron_chestplate":2,"minecraft:feather":1,"minecraft:golden_pickaxe":2,"minecraft:oak_log":54,"minecraft:shield":4,"minecraft:golden_sword":1,"minecraft:dirt":3,"minecraft:bone":3,"minecraft:stone_bricks":3,"minecraft:spruce_planks":2,"minecraft:iron_ingot":1,"minecraft:calcite":1,"minecraft:mossy_stone_bricks":1,"minecraft:diamond_helmet":1,"minecraft:iron_sword":1,"minecraft:book":9,"minecraft:spruce_pressure_plate":1,"minecraft:jukebox":2,"minecraft:sweet_berries":45,"minecraft:red_wool":2,"minecraft:spruce_stairs":2,"minecraft:diorite":1,"minecraft:golden_chestplate":5,"minecraft:mossy_cobblestone":3,"minecraft:leather_helmet":1,"minecraft:rotten_flesh":43,"minecraft:chainmail_helmet":2,"minecraft:oak_sapling":1,"minecraft:coal":26,"minecraft:iron_bars":2,"minecraft:cobblestone":16},"minecraft:killed_by":{"apollyon:the_infector":1},"minecraft:broken":{"minecraft:iron_sword":1},"minecraft:dropped":{"minecraft:golden_chestplate":4,"minecraft:feather":1,"minecraft:shield":2},"minecraft:mined":{"minecraft:spruce_planks":2,"minecraft:red_wool":2,"minecraft:mossy_cobblestone":3,"minecraft:crafting_table":3,"minecraft:calcite":1,"minecraft:spruce_leaves":1,"minecraft:diorite":2,"minecraft:large_fern":3,"minecraft:spruce_stairs":2,"minecraft:sweet_berry_bush":20,"minecraft:jukebox":2,"minecraft:bookshelf":3,"minecraft:coal_ore":26,"minecraft:oak_log":56,"minecraft:cave_vines":2,"minecraft:iron_bars":2,"minecraft:spruce_pressure_plate":1,"minecraft:dirt":3,"minecraft:cracked_stone_bricks":1,"minecraft:stone":16,"minecraft:stone_bricks":3,"minecraft:mossy_stone_bricks":1,"minecraft:oak_leaves":3}},"DataVersion":3465}