{
  "minecraft:recipes/decorations/crafting_table": {
    "criteria": {
      "unlock_right_away": "2024-05-17 17:48:12 +0000"
    },
    "done": true
  },
  "minecraft:recipes/decorations/torch": {
    "criteria": {
      "has_stone_pickaxe": "2024-05-17 17:48:14 +0000"
    },
    "done": true
  },
  "minecraft:story/upgrade_tools": {
    "criteria": {
      "stone_pickaxe": "2024-05-17 17:48:14 +0000"
    },
    "done": true
  },
  "minecraft:adventure/adventuring_time": {
    "criteria": {
      "minecraft:windswept_hills": "2024-05-17 18:01:09 +0000",
      "minecraft:beach": "2024-05-17 17:53:18 +0000",
      "minecraft:river": "2024-05-17 17:48:15 +0000",
      "minecraft:swamp": "2024-05-17 17:50:04 +0000",
      "minecraft:forest": "2024-05-17 17:59:13 +0000",
      "minecraft:windswept_gravelly_hills": "2024-05-17 17:55:30 +0000",
      "minecraft:plains": "2024-05-17 17:55:21 +0000"
    },
    "done": false
  },
  "minecraft:recipes/transportation/cherry_boat": {
    "criteria": {
      "in_water": "2024-05-17 17:53:13 +0000"
    },
    "done": true
  },
  "minecraft:recipes/transportation/bamboo_raft": {
    "criteria": {
      "in_water": "2024-05-17 17:53:13 +0000"
    },
    "done": true
  },
  "minecraft:recipes/transportation/spruce_boat": {
    "criteria": {
      "in_water": "2024-05-17 17:53:13 +0000"
    },
    "done": true
  },
  "minecraft:recipes/transportation/birch_boat": {
    "criteria": {
      "in_water": "2024-05-17 17:53:13 +0000"
    },
    "done": true
  },
  "minecraft:recipes/transportation/oak_boat": {
    "criteria": {
      "in_water": "2024-05-17 17:53:13 +0000"
    },
    "done": true
  },
  "minecraft:recipes/transportation/mangrove_boat": {
    "criteria": {
      "in_water": "2024-05-17 17:53:13 +0000"
    },
    "done": true
  },
  "minecraft:recipes/transportation/acacia_boat": {
    "criteria": {
      "in_water": "2024-05-17 17:53:13 +0000"
    },
    "done": true
  },
  "minecraft:recipes/transportation/jungle_boat": {
    "criteria": {
      "in_water": "2024-05-17 17:53:13 +0000"
    },
    "done": true
  },
  "minecraft:recipes/transportation/dark_oak_boat": {
    "criteria": {
      "in_water": "2024-05-17 17:53:13 +0000"
    },
    "done": true
  },
  "minecraft:recipes/food/cooked_porkchop_from_campfire_cooking": {
    "criteria": {
      "has_porkchop": "2024-05-17 17:53:32 +0000"
    },
    "done": true
  },
  "minecraft:recipes/food/cooked_porkchop": {
    "criteria": {
      "has_porkchop": "2024-05-17 17:53:32 +0000"
    },
    "done": true
  },
  "minecraft:adventure/root": {
    "criteria": {
      "killed_something": "2024-05-17 17:53:32 +0000"
    },
    "done": true
  },
  "minecraft:recipes/food/cooked_porkchop_from_smoking": {
    "criteria": {
      "has_porkchop": "2024-05-17 17:53:32 +0000"
    },
    "done": true
  },
  "minecraft:adventure/kill_all_mobs": {
    "criteria": {
      "minecraft:skeleton": "2024-05-17 17:56:09 +0000",
      "minecraft:spider": "2024-05-17 17:56:18 +0000",
      "minecraft:zombie": "2024-05-17 17:54:28 +0000"
    },
    "done": false
  },
  "minecraft:adventure/kill_a_mob": {
    "criteria": {
      "minecraft:zombie": "2024-05-17 17:54:28 +0000"
    },
    "done": true
  },
  "minecraft:recipes/misc/paper": {
    "criteria": {
      "has_reeds": "2024-05-17 17:54:33 +0000"
    },
    "done": true
  },
  "minecraft:recipes/misc/sugar_from_sugar_cane": {
    "criteria": {
      "has_sugar_cane": "2024-05-17 17:54:33 +0000"
    },
    "done": true
  },
  "minecraft:husbandry/root": {
    "criteria": {
      "consumed_item": "2024-05-17 17:55:52 +0000"
    },
    "done": true
  },
  "minecraft:husbandry/balanced_diet": {
    "criteria": {
      "cooked_beef": "2024-05-17 18:05:10 +0000",
      "porkchop": "2024-05-17 17:55:52 +0000",
      "apple": "2024-05-17 18:02:57 +0000",
      "bread": "2024-05-17 18:42:53 +0000",
      "carrot": "2024-05-17 18:10:32 +0000"
    },
    "done": false
  },
  "minecraft:recipes/brewing/fermented_spider_eye": {
    "criteria": {
      "has_spider_eye": "2024-05-17 17:56:19 +0000"
    },
    "done": true
  },
  "minecraft:recipes/decorations/oak_sign": {
    "criteria": {
      "has_planks": "2024-05-17 18:02:18 +0000"
    },
    "done": true
  },
  "minecraft:recipes/redstone/oak_trapdoor": {
    "criteria": {
      "has_planks": "2024-05-17 18:02:18 +0000"
    },
    "done": true
  },
  "minecraft:recipes/misc/stick": {
    "criteria": {
      "has_planks": "2024-05-17 18:02:18 +0000"
    },
    "done": true
  },
  "minecraft:recipes/building_blocks/oak_stairs": {
    "criteria": {
      "has_planks": "2024-05-17 18:02:18 +0000"
    },
    "done": true
  },
  "minecraft:recipes/decorations/oak_fence": {
    "criteria": {
      "has_planks": "2024-05-17 18:02:18 +0000"
    },
    "done": true
  },
  "minecraft:recipes/redstone/oak_button": {
    "criteria": {
      "has_planks": "2024-05-17 18:02:18 +0000"
    },
    "done": true
  },
  "minecraft:recipes/building_blocks/oak_slab": {
    "criteria": {
      "has_planks": "2024-05-17 18:02:18 +0000"
    },
    "done": true
  },
  "minecraft:recipes/redstone/oak_fence_gate": {
    "criteria": {
      "has_planks": "2024-05-17 18:02:18 +0000"
    },
    "done": true
  },
  "minecraft:recipes/misc/charcoal": {
    "criteria": {
      "has_log": "2024-05-17 18:02:18 +0000"
    },
    "done": true
  },
  "minecraft:recipes/redstone/oak_pressure_plate": {
    "criteria": {
      "has_planks": "2024-05-17 18:02:18 +0000"
    },
    "done": true
  },
  "minecraft:recipes/redstone/oak_door": {
    "criteria": {
      "has_planks": "2024-05-17 18:02:18 +0000"
    },
    "done": true
  },
  "minecraft:recipes/building_blocks/oak_planks": {
    "criteria": {
      "has_logs": "2024-05-17 18:02:18 +0000"
    },
    "done": true
  },
  "minecraft:recipes/decorations/barrel": {
    "criteria": {
      "has_planks": "2024-05-17 18:02:18 +0000"
    },
    "done": true
  },
  "securitycraft:recipes/misc/sc_manual": {
    "criteria": {
      "has_wood": "2024-05-17 18:02:18 +0000"
    },
    "done": true
  },
  "minecraft:recipes/building_blocks/oak_wood": {
    "criteria": {
      "has_log": "2024-05-17 18:02:18 +0000"
    },
    "done": true
  },
  "minecraft:recipes/decorations/ladder": {
    "criteria": {
      "has_stick": "2024-05-17 18:02:20 +0000"
    },
    "done": true
  },
  "securitycraft:recipes/redstone/reinforced_birch_fence_gate": {
    "criteria": {
      "has_stick": "2024-05-17 18:02:20 +0000"
    },
    "done": true
  },
  "securitycraft:recipes/redstone/reinforced_crimson_fence_gate": {
    "criteria": {
      "has_stick": "2024-05-17 18:02:20 +0000"
    },
    "done": true
  },
  "securitycraft:recipes/misc/motion_activated_light": {
    "criteria": {
      "has_stick": "2024-05-17 18:02:20 +0000"
    },
    "done": true
  },
  "securitycraft:recipes/redstone/reinforced_jungle_fence_gate": {
    "criteria": {
      "has_stick": "2024-05-17 18:02:20 +0000"
    },
    "done": true
  },
  "minecraft:recipes/tools/wooden_axe": {
    "criteria": {
      "has_stick": "2024-05-17 18:02:20 +0000"
    },
    "done": true
  },
  "securitycraft:recipes/redstone/reinforced_spruce_fence_gate": {
    "criteria": {
      "has_stick": "2024-05-17 18:02:20 +0000"
    },
    "done": true
  },
  "securitycraft:recipes/misc/reinforced_jungle_fence": {
    "criteria": {
      "has_stick": "2024-05-17 18:02:20 +0000"
    },
    "done": true
  },
  "securitycraft:recipes/misc/reinforced_warped_fence": {
    "criteria": {
      "has_stick": "2024-05-17 18:02:20 +0000"
    },
    "done": true
  },
  "securitycraft:recipes/redstone/reinforced_cherry_fence_gate": {
    "criteria": {
      "has_stick": "2024-05-17 18:02:20 +0000"
    },
    "done": true
  },
  "securitycraft:recipes/misc/reinforced_acacia_fence": {
    "criteria": {
      "has_stick": "2024-05-17 18:02:20 +0000"
    },
    "done": true
  },
  "securitycraft:recipes/redstone/reinforced_acacia_fence_gate": {
    "criteria": {
      "has_stick": "2024-05-17 18:02:20 +0000"
    },
    "done": true
  },
  "securitycraft:recipes/misc/reinforced_cherry_fence": {
    "criteria": {
      "has_stick": "2024-05-17 18:02:20 +0000"
    },
    "done": true
  },
  "securitycraft:recipes/redstone/reinforced_bamboo_fence_gate": {
    "criteria": {
      "has_stick": "2024-05-17 18:02:20 +0000"
    },
    "done": true
  },
  "securitycraft:recipes/redstone/reinforced_warped_fence_gate": {
    "criteria": {
      "has_stick": "2024-05-17 18:02:20 +0000"
    },
    "done": true
  },
  "minecraft:recipes/decorations/campfire": {
    "criteria": {
      "has_stick": "2024-05-17 18:02:20 +0000"
    },
    "done": true
  },
  "minecraft:recipes/tools/wooden_hoe": {
    "criteria": {
      "has_stick": "2024-05-17 18:02:20 +0000"
    },
    "done": true
  },
  "minecraft:recipes/tools/wooden_pickaxe": {
    "criteria": {
      "has_stick": "2024-05-17 18:02:20 +0000"
    },
    "done": true
  },
  "securitycraft:recipes/misc/sonic_security_system": {
    "criteria": {
      "has_stick": "2024-05-17 18:02:20 +0000"
    },
    "done": true
  },
  "securitycraft:recipes/redstone/reinforced_mangrove_fence_gate": {
    "criteria": {
      "has_stick": "2024-05-17 18:02:20 +0000"
    },
    "done": true
  },
  "minecraft:recipes/tools/wooden_shovel": {
    "criteria": {
      "has_stick": "2024-05-17 18:02:20 +0000"
    },
    "done": true
  },
  "securitycraft:recipes/misc/reinforced_mangrove_fence": {
    "criteria": {
      "has_stick": "2024-05-17 18:02:20 +0000"
    },
    "done": true
  },
  "securitycraft:recipes/redstone/reinforced_dark_oak_fence_gate": {
    "criteria": {
      "has_stick": "2024-05-17 18:02:20 +0000"
    },
    "done": true
  },
  "minecraft:recipes/combat/wooden_sword": {
    "criteria": {
      "has_stick": "2024-05-17 18:02:20 +0000"
    },
    "done": true
  },
  "securitycraft:recipes/misc/reinforced_birch_fence": {
    "criteria": {
      "has_stick": "2024-05-17 18:02:20 +0000"
    },
    "done": true
  },
  "securitycraft:recipes/misc/reinforced_dark_oak_fence": {
    "criteria": {
      "has_stick": "2024-05-17 18:02:20 +0000"
    },
    "done": true
  },
  "securitycraft:recipes/misc/reinforced_oak_fence": {
    "criteria": {
      "has_stick": "2024-05-17 18:02:20 +0000"
    },
    "done": true
  },
  "securitycraft:recipes/redstone/reinforced_oak_fence_gate": {
    "criteria": {
      "has_stick": "2024-05-17 18:02:20 +0000"
    },
    "done": true
  },
  "securitycraft:recipes/misc/reinforced_bamboo_fence": {
    "criteria": {
      "has_stick": "2024-05-17 18:02:20 +0000"
    },
    "done": true
  },
  "securitycraft:recipes/misc/reinforced_crimson_fence": {
    "criteria": {
      "has_stick": "2024-05-17 18:02:20 +0000"
    },
    "done": true
  },
  "securitycraft:recipes/misc/reinforced_spruce_fence": {
    "criteria": {
      "has_stick": "2024-05-17 18:02:20 +0000"
    },
    "done": true
  },
  "minecraft:story/root": {
    "criteria": {
      "crafting_table": "2024-05-17 18:02:24 +0000"
    },
    "done": true
  },
  "minecraft:recipes/redstone/lever": {
    "criteria": {
      "has_cobblestone": "2024-05-17 18:02:40 +0000"
    },
    "done": true
  },
  "minecraft:recipes/combat/stone_sword": {
    "criteria": {
      "has_cobblestone": "2024-05-17 18:02:40 +0000"
    },
    "done": true
  },
  "minecraft:recipes/decorations/cobblestone_wall": {
    "criteria": {
      "has_cobblestone": "2024-05-17 18:02:40 +0000"
    },
    "done": true
  },
  "minecraft:recipes/tools/stone_axe": {
    "criteria": {
      "has_cobblestone": "2024-05-17 18:02:40 +0000"
    },
    "done": true
  },
  "minecraft:story/mine_stone": {
    "criteria": {
      "get_stone": "2024-05-17 18:02:40 +0000"
    },
    "done": true
  },
  "minecraft:recipes/decorations/furnace": {
    "criteria": {
      "has_cobblestone": "2024-05-17 18:02:40 +0000"
    },
    "done": true
  },
  "securitycraft:recipes/redstone/laser_block": {
    "criteria": {
      "has_stone": "2024-05-17 18:02:40 +0000"
    },
    "done": true
  },
  "securitycraft:recipes/building_blocks/reinforced_andesite_with_vanilla_diorite": {
    "criteria": {
      "has_cobblestone": "2024-05-17 18:02:40 +0000"
    },
    "done": true
  },
  "minecraft:recipes/building_blocks/cobblestone_slab_from_cobblestone_stonecutting": {
    "criteria": {
      "has_cobblestone": "2024-05-17 18:02:40 +0000"
    },
    "done": true
  },
  "minecraft:recipes/building_blocks/stone": {
    "criteria": {
      "has_cobblestone": "2024-05-17 18:02:40 +0000"
    },
    "done": true
  },
  "securitycraft:recipes/building_blocks/reinforced_andesite_with_vanilla_cobblestone": {
    "criteria": {
      "has_cobblestone": "2024-05-17 18:02:40 +0000"
    },
    "done": true
  },
  "minecraft:recipes/tools/stone_pickaxe": {
    "criteria": {
      "has_cobblestone": "2024-05-17 18:02:40 +0000"
    },
    "done": true
  },
  "securitycraft:recipes/building_blocks/reinforced_andesite": {
    "criteria": {
      "has_cobblestone": "2024-05-17 18:02:40 +0000"
    },
    "done": true
  },
  "minecraft:recipes/building_blocks/cobblestone_slab": {
    "criteria": {
      "has_cobblestone": "2024-05-17 18:02:40 +0000"
    },
    "done": true
  },
  "securitycraft:recipes/building_blocks/reinforced_diorite": {
    "criteria": {
      "has_cobblestone": "2024-05-17 18:02:40 +0000"
    },
    "done": true
  },
  "minecraft:recipes/decorations/cobblestone_wall_from_cobblestone_stonecutting": {
    "criteria": {
      "has_cobblestone": "2024-05-17 18:02:40 +0000"
    },
    "done": true
  },
  "minecraft:recipes/building_blocks/cobblestone_stairs_from_cobblestone_stonecutting": {
    "criteria": {
      "has_cobblestone": "2024-05-17 18:02:40 +0000"
    },
    "done": true
  },
  "minecraft:recipes/building_blocks/cobblestone_stairs": {
    "criteria": {
      "has_cobblestone": "2024-05-17 18:02:40 +0000"
    },
    "done": true
  },
  "minecraft:recipes/tools/stone_hoe": {
    "criteria": {
      "has_cobblestone": "2024-05-17 18:02:40 +0000"
    },
    "done": true
  },
  "minecraft:recipes/tools/stone_shovel": {
    "criteria": {
      "has_cobblestone": "2024-05-17 18:02:40 +0000"
    },
    "done": true
  },
  "minecraft:recipes/food/cooked_beef_from_smoking": {
    "criteria": {
      "has_beef": "2024-05-17 18:02:53 +0000"
    },
    "done": true
  },
  "minecraft:recipes/food/cooked_beef": {
    "criteria": {
      "has_beef": "2024-05-17 18:02:53 +0000"
    },
    "done": true
  },
  "minecraft:recipes/food/cooked_beef_from_campfire_cooking": {
    "criteria": {
      "has_beef": "2024-05-17 18:02:53 +0000"
    },
    "done": true
  },
  "minecraft:recipes/building_blocks/stone_bricks": {
    "criteria": {
      "has_stone": "2024-05-17 18:04:26 +0000"
    },
    "done": true
  },
  "minecraft:recipes/building_blocks/stone_bricks_from_stone_stonecutting": {
    "criteria": {
      "has_stone": "2024-05-17 18:04:26 +0000"
    },
    "done": true
  },
  "minecraft:recipes/building_blocks/stone_slab": {
    "criteria": {
      "has_stone": "2024-05-17 18:04:26 +0000"
    },
    "done": true
  },
  "minecraft:recipes/building_blocks/stone_stairs_from_stone_stonecutting": {
    "criteria": {
      "has_stone": "2024-05-17 18:04:26 +0000"
    },
    "done": true
  },
  "minecraft:recipes/redstone/stone_button": {
    "criteria": {
      "has_stone": "2024-05-17 18:04:26 +0000"
    },
    "done": true
  },
  "minecraft:recipes/decorations/stonecutter": {
    "criteria": {
      "has_stone": "2024-05-17 18:04:26 +0000"
    },
    "done": true
  },
  "minecraft:recipes/redstone/stone_pressure_plate": {
    "criteria": {
      "has_stone": "2024-05-17 18:04:26 +0000"
    },
    "done": true
  },
  "minecraft:recipes/building_blocks/smooth_stone": {
    "criteria": {
      "has_stone": "2024-05-17 18:04:26 +0000"
    },
    "done": true
  },
  "minecraft:recipes/decorations/stone_brick_walls_from_stone_stonecutting": {
    "criteria": {
      "has_stone": "2024-05-17 18:04:26 +0000"
    },
    "done": true
  },
  "minecraft:recipes/building_blocks/stone_brick_slab_from_stone_stonecutting": {
    "criteria": {
      "has_stone": "2024-05-17 18:04:26 +0000"
    },
    "done": true
  },
  "minecraft:recipes/building_blocks/stone_brick_stairs_from_stone_stonecutting": {
    "criteria": {
      "has_stone": "2024-05-17 18:04:26 +0000"
    },
    "done": true
  },
  "minecraft:recipes/building_blocks/stone_slab_from_stone_stonecutting": {
    "criteria": {
      "has_stone": "2024-05-17 18:04:26 +0000"
    },
    "done": true
  },
  "minecraft:recipes/building_blocks/chiseled_stone_bricks_stone_from_stonecutting": {
    "criteria": {
      "has_stone": "2024-05-17 18:04:26 +0000"
    },
    "done": true
  },
  "minecraft:recipes/building_blocks/stone_stairs": {
    "criteria": {
      "has_stone": "2024-05-17 18:04:26 +0000"
    },
    "done": true
  },
  "minecraft:recipes/building_blocks/raw_iron_block": {
    "criteria": {
      "has_raw_iron": "2024-05-17 18:05:16 +0000"
    },
    "done": true
  },
  "minecraft:recipes/misc/iron_ingot_from_smelting_raw_iron": {
    "criteria": {
      "has_raw_iron": "2024-05-17 18:05:16 +0000"
    },
    "done": true
  },
  "minecraft:recipes/misc/iron_ingot_from_blasting_raw_iron": {
    "criteria": {
      "has_raw_iron": "2024-05-17 18:05:16 +0000"
    },
    "done": true
  },
  "minecraft:recipes/building_blocks/coal_block": {
    "criteria": {
      "has_coal": "2024-05-17 18:05:22 +0000"
    },
    "done": true
  },
  "securitycraft:recipes/misc/sentry": {
    "criteria": {
      "has_iron": "2024-05-17 18:05:46 +0000"
    },
    "done": true
  },
  "minecraft:recipes/combat/iron_leggings": {
    "criteria": {
      "has_iron_ingot": "2024-05-17 18:05:46 +0000"
    },
    "done": true
  },
  "securitycraft:recipes/misc/blacklist_module": {
    "criteria": {
      "has_iron": "2024-05-17 18:05:46 +0000"
    },
    "done": true
  },
  "minecraft:recipes/combat/iron_chestplate": {
    "criteria": {
      "has_iron_ingot": "2024-05-17 18:05:46 +0000"
    },
    "done": true
  },
  "securitycraft:recipes/misc/limited_use_keycard": {
    "criteria": {
      "has_iron": "2024-05-17 18:05:46 +0000"
    },
    "done": true
  },
  "securitycraft:recipes/misc/bouncing_betty": {
    "criteria": {
      "has_iron": "2024-05-17 18:05:46 +0000"
    },
    "done": true
  },
  "minecraft:recipes/misc/iron_nugget": {
    "criteria": {
      "has_iron_ingot": "2024-05-17 18:05:46 +0000"
    },
    "done": true
  },
  "minecraft:recipes/misc/bucket": {
    "criteria": {
      "has_iron_ingot": "2024-05-17 18:05:46 +0000"
    },
    "done": true
  },
  "securitycraft:recipes/misc/disguise_module": {
    "criteria": {
      "has_iron": "2024-05-17 18:05:46 +0000"
    },
    "done": true
  },
  "minecraft:recipes/combat/iron_helmet": {
    "criteria": {
      "has_iron_ingot": "2024-05-17 18:05:46 +0000"
    },
    "done": true
  },
  "minecraft:recipes/transportation/minecart": {
    "criteria": {
      "has_iron_ingot": "2024-05-17 18:05:46 +0000"
    },
    "done": true
  },
  "minecraft:recipes/tools/iron_hoe": {
    "criteria": {
      "has_iron_ingot": "2024-05-17 18:05:46 +0000"
    },
    "done": true
  },
  "securitycraft:recipes/redstone/block_change_detector": {
    "criteria": {
      "has_iron": "2024-05-17 18:05:46 +0000"
    },
    "done": true
  },
  "securitycraft:recipes/decorations/floor_trap": {
    "criteria": {
      "has_iron": "2024-05-17 18:05:46 +0000"
    },
    "done": true
  },
  "minecraft:story/smelt_iron": {
    "criteria": {
      "iron": "2024-05-17 18:05:46 +0000"
    },
    "done": true
  },
  "securitycraft:recipes/misc/storage_module": {
    "criteria": {
      "has_iron": "2024-05-17 18:05:46 +0000"
    },
    "done": true
  },
  "minecraft:recipes/tools/shears": {
    "criteria": {
      "has_iron_ingot": "2024-05-17 18:05:46 +0000"
    },
    "done": true
  },
  "minecraft:recipes/decorations/chain": {
    "criteria": {
      "has_iron_ingot": "2024-05-17 18:05:46 +0000"
    },
    "done": true
  },
  "minecraft:recipes/building_blocks/iron_block": {
    "criteria": {
      "has_iron_ingot": "2024-05-17 18:05:46 +0000"
    },
    "done": true
  },
  "minecraft:recipes/decorations/smithing_table": {
    "criteria": {
      "has_iron_ingot": "2024-05-17 18:05:46 +0000"
    },
    "done": true
  },
  "securitycraft:recipes/transportation/track_mine": {
    "criteria": {
      "has_iron": "2024-05-17 18:05:46 +0000"
    },
    "done": true
  },
  "securitycraft:recipes/misc/whitelist_module": {
    "criteria": {
      "has_iron": "2024-05-17 18:05:46 +0000"
    },
    "done": true
  },
  "securitycraft:recipes/misc/security_camera": {
    "criteria": {
      "has_iron": "2024-05-17 18:05:46 +0000"
    },
    "done": true
  },
  "minecraft:recipes/combat/iron_sword": {
    "criteria": {
      "has_iron_ingot": "2024-05-17 18:05:46 +0000"
    },
    "done": true
  },
  "minecraft:recipes/tools/iron_pickaxe": {
    "criteria": {
      "has_iron_ingot": "2024-05-17 18:05:46 +0000"
    },
    "done": true
  },
  "minecraft:recipes/combat/shield": {
    "criteria": {
      "has_iron_ingot": "2024-05-17 18:05:46 +0000"
    },
    "done": true
  },
  "minecraft:recipes/redstone/hopper": {
    "criteria": {
      "has_iron_ingot": "2024-05-17 18:05:46 +0000"
    },
    "done": true
  },
  "minecraft:recipes/decorations/iron_bars": {
    "criteria": {
      "has_iron_ingot": "2024-05-17 18:05:46 +0000"
    },
    "done": true
  },
  "securitycraft:recipes/misc/briefcase": {
    "criteria": {
      "has_iron": "2024-05-17 18:05:46 +0000"
    },
    "done": true
  },
  "securitycraft:recipes/redstone/reinforced_fence_gate": {
    "criteria": {
      "has_iron": "2024-05-17 18:05:46 +0000"
    },
    "done": true
  },
  "securitycraft:recipes/misc/electrified_iron_fence": {
    "criteria": {
      "has_iron": "2024-05-17 18:05:46 +0000"
    },
    "done": true
  },
  "securitycraft:recipes/misc/keycard_lv5": {
    "criteria": {
      "has_iron": "2024-05-17 18:05:46 +0000"
    },
    "done": true
  },
  "securitycraft:recipes/misc/keycard_lv3": {
    "criteria": {
      "has_iron": "2024-05-17 18:05:46 +0000"
    },
    "done": true
  },
  "securitycraft:recipes/misc/keycard_lv4": {
    "criteria": {
      "has_iron": "2024-05-17 18:05:46 +0000"
    },
    "done": true
  },
  "securitycraft:recipes/misc/keycard_lv1": {
    "criteria": {
      "has_iron": "2024-05-17 18:05:46 +0000"
    },
    "done": true
  },
  "securitycraft:recipes/misc/keycard_lv2": {
    "criteria": {
      "has_iron": "2024-05-17 18:05:46 +0000"
    },
    "done": true
  },
  "minecraft:recipes/combat/iron_boots": {
    "criteria": {
      "has_iron_ingot": "2024-05-17 18:05:46 +0000"
    },
    "done": true
  },
  "minecraft:recipes/decorations/lantern": {
    "criteria": {
      "has_iron_ingot": "2024-05-17 18:05:46 +0000"
    },
    "done": true
  },
  "securitycraft:recipes/misc/mine": {
    "criteria": {
      "has_iron": "2024-05-17 18:05:46 +0000"
    },
    "done": true
  },
  "securitycraft:recipes/misc/harming_module": {
    "criteria": {
      "has_iron": "2024-05-17 18:05:46 +0000"
    },
    "done": true
  },
  "minecraft:recipes/tools/iron_shovel": {
    "criteria": {
      "has_iron_ingot": "2024-05-17 18:05:46 +0000"
    },
    "done": true
  },
  "securitycraft:recipes/misc/smart_module": {
    "criteria": {
      "has_iron": "2024-05-17 18:05:46 +0000"
    },
    "done": true
  },
  "securitycraft:recipes/misc/trophy_system": {
    "criteria": {
      "has_iron": "2024-05-17 18:05:46 +0000"
    },
    "done": true
  },
  "minecraft:recipes/redstone/iron_trapdoor": {
    "criteria": {
      "has_iron_ingot": "2024-05-17 18:05:46 +0000"
    },
    "done": true
  },
  "minecraft:recipes/tools/iron_axe": {
    "criteria": {
      "has_iron_ingot": "2024-05-17 18:05:46 +0000"
    },
    "done": true
  },
  "minecraft:recipes/combat/crossbow": {
    "criteria": {
      "has_iron_ingot": "2024-05-17 18:05:46 +0000"
    },
    "done": true
  },
  "securitycraft:recipes/misc/speed_module": {
    "criteria": {
      "has_iron": "2024-05-17 18:05:46 +0000"
    },
    "done": true
  },
  "securitycraft:recipes/misc/camera_monitor": {
    "criteria": {
      "has_iron": "2024-05-17 18:05:46 +0000"
    },
    "done": true
  },
  "securitycraft:recipes/misc/redstone_module": {
    "criteria": {
      "has_iron": "2024-05-17 18:05:46 +0000"
    },
    "done": true
  },
  "securitycraft:recipes/misc/door_indestructible_iron_item": {
    "criteria": {
      "has_iron": "2024-05-17 18:05:46 +0000"
    },
    "done": true
  },
  "minecraft:recipes/redstone/iron_door": {
    "criteria": {
      "has_iron_ingot": "2024-05-17 18:05:46 +0000"
    },
    "done": true
  },
  "securitycraft:recipes/tools/universal_block_remover": {
    "criteria": {
      "has_iron": "2024-05-17 18:05:46 +0000"
    },
    "done": true
  },
  "minecraft:recipes/redstone/heavy_weighted_pressure_plate": {
    "criteria": {
      "has_iron_ingot": "2024-05-17 18:05:46 +0000"
    },
    "done": true
  },
  "minecraft:recipes/decorations/chest": {
    "criteria": {
      "has_lots_of_items": "2024-05-17 18:05:51 +0000"
    },
    "done": true
  },
  "minecraft:recipes/transportation/carrot_on_a_stick": {
    "criteria": {
      "has_carrot": "2024-05-17 18:06:35 +0000"
    },
    "done": true
  },
  "minecraft:adventure/sleep_in_bed": {
    "criteria": {
      "slept_in_bed": "2024-05-17 18:08:50 +0000"
    },
    "done": true
  },
  "minecraft:recipes/misc/bone_meal": {
    "criteria": {
      "has_bone": "2024-05-17 18:11:49 +0000"
    },
    "done": true
  },
  "graveyard:graveyard/root": {
    "criteria": {
      "grave_01": "2024-05-17 18:30:26 +0000"
    },
    "done": true
  },
  "minecraft:recipes/combat/leather_helmet": {
    "criteria": {
      "has_leather": "2024-05-17 18:31:04 +0000"
    },
    "done": true
  },
  "minecraft:recipes/combat/leather_leggings": {
    "criteria": {
      "has_leather": "2024-05-17 18:31:04 +0000"
    },
    "done": true
  },
  "minecraft:recipes/combat/leather_chestplate": {
    "criteria": {
      "has_leather": "2024-05-17 18:31:04 +0000"
    },
    "done": true
  },
  "minecraft:recipes/misc/leather_horse_armor": {
    "criteria": {
      "has_leather": "2024-05-17 18:31:04 +0000"
    },
    "done": true
  },
  "sophisticatedbackpacks:recipes/misc/backpack": {
    "criteria": {
      "has_leather": "2024-05-17 18:31:04 +0000"
    },
    "done": true
  },
  "minecraft:recipes/decorations/item_frame": {
    "criteria": {
      "has_leather": "2024-05-17 18:31:04 +0000"
    },
    "done": true
  },
  "sophisticatedbackpacks:recipes/misc/upgrade_base": {
    "criteria": {
      "has_leather": "2024-05-17 18:31:04 +0000"
    },
    "done": true
  },
  "minecraft:recipes/combat/leather_boots": {
    "criteria": {
      "has_leather": "2024-05-17 18:31:04 +0000"
    },
    "done": true
  },
  "minecraft:recipes/building_blocks/bookshelf": {
    "criteria": {
      "has_book": "2024-05-17 18:32:14 +0000"
    },
    "done": true
  },
  "securitycraft:recipes/building_blocks/reinforced_chiseled_bookshelf": {
    "criteria": {
      "has_book": "2024-05-17 18:32:14 +0000"
    },
    "done": true
  },
  "minecraft:recipes/redstone/lectern": {
    "criteria": {
      "has_book": "2024-05-17 18:32:14 +0000"
    },
    "done": true
  },
  "minecraft:recipes/building_blocks/chiseled_bookshelf": {
    "criteria": {
      "has_book": "2024-05-17 18:32:14 +0000"
    },
    "done": true
  },
  "securitycraft:recipes/building_blocks/reinforced_bookshelf": {
    "criteria": {
      "has_book": "2024-05-17 18:32:14 +0000"
    },
    "done": true
  },
  "minecraft:recipes/misc/writable_book": {
    "criteria": {
      "has_book": "2024-05-17 18:32:14 +0000"
    },
    "done": true
  },
  "minecraft:recipes/combat/bow": {
    "criteria": {
      "has_string": "2024-05-17 18:35:59 +0000"
    },
    "done": true
  },
  "minecraft:recipes/tools/fishing_rod": {
    "criteria": {
      "has_string": "2024-05-17 18:35:59 +0000"
    },
    "done": true
  },
  "minecraft:recipes/redstone/tripwire_hook": {
    "criteria": {
      "has_string": "2024-05-17 18:35:59 +0000"
    },
    "done": true
  },
  "minecraft:recipes/decorations/candle": {
    "criteria": {
      "has_string": "2024-05-17 18:35:59 +0000"
    },
    "done": true
  },
  "minecraft:recipes/building_blocks/white_wool_from_string": {
    "criteria": {
      "has_string": "2024-05-17 18:35:59 +0000"
    },
    "done": true
  },
  "minecraft:recipes/decorations/loom": {
    "criteria": {
      "has_string": "2024-05-17 18:35:59 +0000"
    },
    "done": true
  },
  "sophisticatedbackpacks:recipes/misc/copper_backpack": {
    "criteria": {
      "has_backpack": "2024-05-17 18:36:20 +0000"
    },
    "done": true
  },
  "sophisticatedbackpacks:recipes/misc/iron_backpack": {
    "criteria": {
      "has_backpack": "2024-05-17 18:36:20 +0000"
    },
    "done": true
  },
  "securitycraft:recipes/building_blocks/reinforced_packed_mud": {
    "criteria": {
      "has_wheat": "2024-05-17 18:42:26 +0000"
    },
    "done": true
  },
  "minecraft:recipes/food/bread": {
    "criteria": {
      "has_wheat": "2024-05-17 18:42:26 +0000"
    },
    "done": true
  },
  "minecraft:recipes/building_blocks/hay_block": {
    "criteria": {
      "has_wheat": "2024-05-17 18:42:26 +0000"
    },
    "done": true
  },
  "minecraft:recipes/misc/bone_meal_from_bone_block": {
    "criteria": {
      "has_bone_block": "2024-05-17 18:43:51 +0000"
    },
    "done": true
  },
  "minecraft:recipes/misc/white_dye": {
    "criteria": {
      "has_bone_meal": "2024-05-17 18:45:26 +0000"
    },
    "done": true
  },
  "minecraft:recipes/building_blocks/bone_block": {
    "criteria": {
      "has_bone_meal": "2024-05-17 18:45:26 +0000"
    },
    "done": true
  },
  "minecraft:recipes/decorations/white_candle": {
    "criteria": {
      "has_white_dye": "2024-05-17 18:45:42 +0000"
    },
    "done": true
  },
  "minecraft:recipes/building_blocks/dye_white_bed": {
    "criteria": {
      "has_needed_dye": "2024-05-17 18:45:42 +0000"
    },
    "done": true
  },
  "minecraft:recipes/decorations/white_stained_glass_pane_from_glass_pane": {
    "criteria": {
      "has_white_dye": "2024-05-17 18:45:42 +0000"
    },
    "done": true
  },
  "minecraft:recipes/misc/lime_dye": {
    "criteria": {
      "has_white_dye": "2024-05-17 18:45:42 +0000"
    },
    "done": true
  },
  "minecraft:recipes/misc/light_blue_dye_from_blue_white_dye": {
    "criteria": {
      "has_white_dye": "2024-05-17 18:45:42 +0000"
    },
    "done": true
  },
  "minecraft:recipes/misc/light_gray_dye_from_gray_white_dye": {
    "criteria": {
      "has_white_dye": "2024-05-17 18:45:42 +0000"
    },
    "done": true
  },
  "minecraft:recipes/building_blocks/dye_white_carpet": {
    "criteria": {
      "has_needed_dye": "2024-05-17 18:45:42 +0000"
    },
    "done": true
  },
  "minecraft:recipes/building_blocks/dye_white_wool": {
    "criteria": {
      "has_needed_dye": "2024-05-17 18:45:42 +0000"
    },
    "done": true
  },
  "minecraft:recipes/misc/pink_dye_from_red_white_dye": {
    "criteria": {
      "has_white_dye": "2024-05-17 18:45:42 +0000"
    },
    "done": true
  },
  "minecraft:recipes/misc/gray_dye": {
    "criteria": {
      "has_white_dye": "2024-05-17 18:45:42 +0000"
    },
    "done": true
  },
  "minecraft:recipes/misc/light_gray_dye_from_black_white_dye": {
    "criteria": {
      "has_white_dye": "2024-05-17 18:45:42 +0000"
    },
    "done": true
  },
  "minecraft:recipes/misc/magenta_dye_from_blue_red_white_dye": {
    "criteria": {
      "has_white_dye": "2024-05-17 18:45:42 +0000"
    },
    "done": true
  },
  "minecraft:recipes/building_blocks/coarse_dirt": {
    "criteria": {
      "has_gravel": "2024-05-17 18:52:46 +0000"
    },
    "done": true
  },
  "minecraft:recipes/building_blocks/light_gray_concrete_powder": {
    "criteria": {
      "has_gravel": "2024-05-17 18:52:46 +0000"
    },
    "done": true
  },
  "minecraft:recipes/building_blocks/pink_concrete_powder": {
    "criteria": {
      "has_gravel": "2024-05-17 18:52:46 +0000"
    },
    "done": true
  },
  "minecraft:recipes/building_blocks/red_concrete_powder": {
    "criteria": {
      "has_gravel": "2024-05-17 18:52:46 +0000"
    },
    "done": true
  },
  "minecraft:recipes/building_blocks/brown_concrete_powder": {
    "criteria": {
      "has_gravel": "2024-05-17 18:52:46 +0000"
    },
    "done": true
  },
  "minecraft:recipes/building_blocks/light_blue_concrete_powder": {
    "criteria": {
      "has_gravel": "2024-05-17 18:52:46 +0000"
    },
    "done": true
  },
  "minecraft:recipes/building_blocks/green_concrete_powder": {
    "criteria": {
      "has_gravel": "2024-05-17 18:52:46 +0000"
    },
    "done": true
  },
  "minecraft:recipes/building_blocks/blue_concrete_powder": {
    "criteria": {
      "has_gravel": "2024-05-17 18:52:46 +0000"
    },
    "done": true
  },
  "minecraft:recipes/building_blocks/white_concrete_powder": {
    "criteria": {
      "has_gravel": "2024-05-17 18:52:46 +0000"
    },
    "done": true
  },
  "minecraft:recipes/building_blocks/lime_concrete_powder": {
    "criteria": {
      "has_gravel": "2024-05-17 18:52:46 +0000"
    },
    "done": true
  },
  "minecraft:recipes/building_blocks/orange_concrete_powder": {
    "criteria": {
      "has_gravel": "2024-05-17 18:52:46 +0000"
    },
    "done": true
  },
  "minecraft:recipes/building_blocks/magenta_concrete_powder": {
    "criteria": {
      "has_gravel": "2024-05-17 18:52:46 +0000"
    },
    "done": true
  },
  "minecraft:recipes/building_blocks/yellow_concrete_powder": {
    "criteria": {
      "has_gravel": "2024-05-17 18:52:46 +0000"
    },
    "done": true
  },
  "minecraft:recipes/building_blocks/gray_concrete_powder": {
    "criteria": {
      "has_gravel": "2024-05-17 18:52:46 +0000"
    },
    "done": true
  },
  "minecraft:recipes/building_blocks/black_concrete_powder": {
    "criteria": {
      "has_gravel": "2024-05-17 18:52:46 +0000"
    },
    "done": true
  },
  "minecraft:recipes/building_blocks/purple_concrete_powder": {
    "criteria": {
      "has_gravel": "2024-05-17 18:52:46 +0000"
    },
    "done": true
  },
  "minecraft:recipes/building_blocks/cyan_concrete_powder": {
    "criteria": {
      "has_gravel": "2024-05-17 18:52:46 +0000"
    },
    "done": true
  },
  "minecraft:recipes/building_blocks/granite_slab_from_granite_stonecutting": {
    "criteria": {
      "has_granite": "2024-05-17 18:52:51 +0000"
    },
    "done": true
  },
  "minecraft:recipes/decorations/granite_wall_from_granite_stonecutting": {
    "criteria": {
      "has_granite": "2024-05-17 18:52:51 +0000"
    },
    "done": true
  },
  "minecraft:recipes/building_blocks/polished_granite_from_granite_stonecutting": {
    "criteria": {
      "has_granite": "2024-05-17 18:52:51 +0000"
    },
    "done": true
  },
  "minecraft:recipes/building_blocks/granite_slab": {
    "criteria": {
      "has_granite": "2024-05-17 18:52:51 +0000"
    },
    "done": true
  },
  "minecraft:recipes/building_blocks/granite_stairs": {
    "criteria": {
      "has_granite": "2024-05-17 18:52:51 +0000"
    },
    "done": true
  },
  "minecraft:recipes/building_blocks/granite_stairs_from_granite_stonecutting": {
    "criteria": {
      "has_granite": "2024-05-17 18:52:51 +0000"
    },
    "done": true
  },
  "minecraft:recipes/decorations/granite_wall": {
    "criteria": {
      "has_granite": "2024-05-17 18:52:51 +0000"
    },
    "done": true
  },
  "minecraft:recipes/building_blocks/polished_granite_slab_from_granite_stonecutting": {
    "criteria": {
      "has_granite": "2024-05-17 18:52:51 +0000"
    },
    "done": true
  },
  "minecraft:recipes/building_blocks/polished_granite": {
    "criteria": {
      "has_granite": "2024-05-17 18:52:51 +0000"
    },
    "done": true
  },
  "minecraft:recipes/building_blocks/polished_granite_stairs_from_granite_stonecutting": {
    "criteria": {
      "has_granite": "2024-05-17 18:52:51 +0000"
    },
    "done": true
  },
  "minecraft:recipes/misc/red_dye_from_poppy": {
    "criteria": {
      "has_poppy": "2024-05-17 18:55:28 +0000"
    },
    "done": true
  },
  "minecraft:recipes/building_blocks/birch_wood": {
    "criteria": {
      "has_log": "2024-05-17 19:17:35 +0000"
    },
    "done": true
  },
  "minecraft:recipes/building_blocks/birch_planks": {
    "criteria": {
      "has_logs": "2024-05-17 19:17:35 +0000"
    },
    "done": true
  },
  "minecraft:recipes/redstone/birch_button": {
    "criteria": {
      "has_planks": "2024-05-17 19:17:36 +0000"
    },
    "done": true
  },
  "minecraft:recipes/redstone/birch_door": {
    "criteria": {
      "has_planks": "2024-05-17 19:17:36 +0000"
    },
    "done": true
  },
  "minecraft:recipes/decorations/birch_fence": {
    "criteria": {
      "has_planks": "2024-05-17 19:17:36 +0000"
    },
    "done": true
  },
  "minecraft:recipes/decorations/birch_sign": {
    "criteria": {
      "has_planks": "2024-05-17 19:17:36 +0000"
    },
    "done": true
  },
  "minecraft:recipes/redstone/birch_fence_gate": {
    "criteria": {
      "has_planks": "2024-05-17 19:17:36 +0000"
    },
    "done": true
  },
  "minecraft:recipes/building_blocks/birch_slab": {
    "criteria": {
      "has_planks": "2024-05-17 19:17:36 +0000"
    },
    "done": true
  },
  "minecraft:recipes/building_blocks/birch_stairs": {
    "criteria": {
      "has_planks": "2024-05-17 19:17:36 +0000"
    },
    "done": true
  },
  "minecraft:recipes/redstone/birch_trapdoor": {
    "criteria": {
      "has_planks": "2024-05-17 19:17:36 +0000"
    },
    "done": true
  },
  "minecraft:recipes/redstone/birch_pressure_plate": {
    "criteria": {
      "has_planks": "2024-05-17 19:17:36 +0000"
    },
    "done": true
  },
  "minecraft:recipes/misc/iron_nugget_from_smelting": {
    "criteria": {
      "has_iron_pickaxe": "2024-05-17 19:18:03 +0000"
    },
    "done": true
  },
  "minecraft:story/iron_tools": {
    "criteria": {
      "iron_pickaxe": "2024-05-17 19:18:03 +0000"
    },
    "done": true
  },
  "minecraft:recipes/misc/iron_nugget_from_blasting": {
    "criteria": {
      "has_iron_pickaxe": "2024-05-17 19:18:03 +0000"
    },
    "done": true
  },
  "minecraft:recipes/misc/gold_ingot_from_blasting_raw_gold": {
    "criteria": {
      "has_raw_gold": "2024-05-17 20:09:22 +0000"
    },
    "done": true
  },
  "minecraft:recipes/misc/gold_ingot_from_smelting_raw_gold": {
    "criteria": {
      "has_raw_gold": "2024-05-17 20:09:22 +0000"
    },
    "done": true
  },
  "minecraft:recipes/building_blocks/raw_gold_block": {
    "criteria": {
      "has_raw_gold": "2024-05-17 20:09:22 +0000"
    },
    "done": true
  },
  "minecraft:recipes/building_blocks/polished_diorite": {
    "criteria": {
      "has_diorite": "2024-05-17 20:17:32 +0000"
    },
    "done": true
  },
  "minecraft:recipes/building_blocks/diorite_slab": {
    "criteria": {
      "has_diorite": "2024-05-17 20:17:32 +0000"
    },
    "done": true
  },
  "minecraft:recipes/decorations/diorite_wall": {
    "criteria": {
      "has_diorite": "2024-05-17 20:17:32 +0000"
    },
    "done": true
  },
  "minecraft:recipes/building_blocks/polished_diorite_stairs_from_diorite_stonecutting": {
    "criteria": {
      "has_diorite": "2024-05-17 20:17:32 +0000"
    },
    "done": true
  },
  "minecraft:recipes/building_blocks/diorite_stairs_from_diorite_stonecutting": {
    "criteria": {
      "has_diorite": "2024-05-17 20:17:32 +0000"
    },
    "done": true
  },
  "minecraft:recipes/decorations/diorite_wall_from_diorite_stonecutting": {
    "criteria": {
      "has_diorite": "2024-05-17 20:17:32 +0000"
    },
    "done": true
  },
  "minecraft:recipes/building_blocks/andesite": {
    "criteria": {
      "has_stone": "2024-05-17 20:17:32 +0000"
    },
    "done": true
  },
  "minecraft:recipes/building_blocks/polished_diorite_from_diorite_stonecutting": {
    "criteria": {
      "has_diorite": "2024-05-17 20:17:32 +0000"
    },
    "done": true
  },
  "minecraft:recipes/building_blocks/diorite_slab_from_diorite_stonecutting": {
    "criteria": {
      "has_diorite": "2024-05-17 20:17:32 +0000"
    },
    "done": true
  },
  "minecraft:recipes/building_blocks/polished_diorite_slab_from_diorite_stonecutting": {
    "criteria": {
      "has_diorite": "2024-05-17 20:17:32 +0000"
    },
    "done": true
  },
  "minecraft:recipes/building_blocks/diorite_stairs": {
    "criteria": {
      "has_diorite": "2024-05-17 20:17:32 +0000"
    },
    "done": true
  },
  "securitycraft:recipes/tools/universal_key_changer": {
    "criteria": {
      "has_redstone": "2024-05-17 20:18:30 +0000"
    },
    "done": true
  },
  "securitycraft:recipes/redstone/alarm": {
    "criteria": {
      "has_redstone": "2024-05-17 20:18:30 +0000"
    },
    "done": true
  },
  "minecraft:recipes/redstone/redstone_torch": {
    "criteria": {
      "has_redstone": "2024-05-17 20:18:30 +0000"
    },
    "done": true
  },
  "minecraft:recipes/tools/clock": {
    "criteria": {
      "has_redstone": "2024-05-17 20:18:30 +0000"
    },
    "done": true
  },
  "securitycraft:recipes/tools/universal_block_reinforcer_lvl1": {
    "criteria": {
      "has_redstone": "2024-05-17 20:18:30 +0000"
    },
    "done": true
  },
  "securitycraft:recipes/tools/universal_block_reinforcer_lvl3": {
    "criteria": {
      "has_redstone": "2024-05-17 20:18:30 +0000"
    },
    "done": true
  },
  "securitycraft:recipes/tools/universal_block_reinforcer_lvl2": {
    "criteria": {
      "has_redstone": "2024-05-17 20:18:30 +0000"
    },
    "done": true
  },
  "securitycraft:recipes/redstone/reinforced_piston": {
    "criteria": {
      "has_redstone": "2024-05-17 20:18:30 +0000"
    },
    "done": true
  },
  "securitycraft:recipes/misc/username_logger": {
    "criteria": {
      "has_redstone": "2024-05-17 20:18:30 +0000"
    },
    "done": true
  },
  "minecraft:recipes/redstone/note_block": {
    "criteria": {
      "has_redstone": "2024-05-17 20:18:30 +0000"
    },
    "done": true
  },
  "minecraft:recipes/redstone/target": {
    "criteria": {
      "has_redstone": "2024-05-17 20:18:30 +0000"
    },
    "done": true
  },
  "minecraft:recipes/tools/compass": {
    "criteria": {
      "has_redstone": "2024-05-17 20:18:30 +0000"
    },
    "done": true
  },
  "securitycraft:recipes/redstone/reinforced_redstone_lamp": {
    "criteria": {
      "has_redstone": "2024-05-17 20:18:30 +0000"
    },
    "done": true
  },
  "securitycraft:recipes/misc/portable_tune_player": {
    "criteria": {
      "has_redstone": "2024-05-17 20:18:30 +0000"
    },
    "done": true
  },
  "securitycraft:recipes/misc/keypad_frame": {
    "criteria": {
      "has_redstone": "2024-05-17 20:18:30 +0000"
    },
    "done": true
  },
  "securitycraft:recipes/redstone/portable_radar": {
    "criteria": {
      "has_redstone": "2024-05-17 20:18:30 +0000"
    },
    "done": true
  },
  "securitycraft:recipes/misc/claymore": {
    "criteria": {
      "has_redstone": "2024-05-17 20:18:30 +0000"
    },
    "done": true
  },
  "minecraft:recipes/redstone/dropper": {
    "criteria": {
      "has_redstone": "2024-05-17 20:18:30 +0000"
    },
    "done": true
  },
  "securitycraft:recipes/redstone/panic_button": {
    "criteria": {
      "has_redstone": "2024-05-17 20:18:30 +0000"
    },
    "done": true
  },
  "securitycraft:recipes/tools/taser": {
    "criteria": {
      "has_redstone": "2024-05-17 20:18:30 +0000"
    },
    "done": true
  },
  "minecraft:recipes/redstone/redstone_block": {
    "criteria": {
      "has_redstone": "2024-05-17 20:18:30 +0000"
    },
    "done": true
  },
  "securitycraft:recipes/tools/universal_block_modifier": {
    "criteria": {
      "has_redstone": "2024-05-17 20:18:30 +0000"
    },
    "done": true
  },
  "securitycraft:recipes/redstone/reinforced_dropper": {
    "criteria": {
      "has_redstone": "2024-05-17 20:18:30 +0000"
    },
    "done": true
  },
  "securitycraft:recipes/misc/cage_trap": {
    "criteria": {
      "has_redstone": "2024-05-17 20:18:30 +0000"
    },
    "done": true
  },
  "minecraft:recipes/redstone/piston": {
    "criteria": {
      "has_redstone": "2024-05-17 20:18:30 +0000"
    },
    "done": true
  },
  "minecraft:recipes/building_blocks/andesite_stairs": {
    "criteria": {
      "has_andesite": "2024-05-17 20:18:45 +0000"
    },
    "done": true
  },
  "minecraft:recipes/decorations/andesite_wall_from_andesite_stonecutting": {
    "criteria": {
      "has_andesite": "2024-05-17 20:18:45 +0000"
    },
    "done": true
  },
  "minecraft:recipes/building_blocks/polished_andesite_slab_from_andesite_stonecutting": {
    "criteria": {
      "has_andesite": "2024-05-17 20:18:45 +0000"
    },
    "done": true
  },
  "minecraft:recipes/building_blocks/andesite_slab_from_andesite_stonecutting": {
    "criteria": {
      "has_andesite": "2024-05-17 20:18:45 +0000"
    },
    "done": true
  },
  "minecraft:recipes/building_blocks/andesite_stairs_from_andesite_stonecutting": {
    "criteria": {
      "has_andesite": "2024-05-17 20:18:45 +0000"
    },
    "done": true
  },
  "minecraft:recipes/building_blocks/polished_andesite_from_andesite_stonecutting": {
    "criteria": {
      "has_andesite": "2024-05-17 20:18:45 +0000"
    },
    "done": true
  },
  "minecraft:recipes/building_blocks/polished_andesite": {
    "criteria": {
      "has_andesite": "2024-05-17 20:18:45 +0000"
    },
    "done": true
  },
  "minecraft:recipes/decorations/andesite_wall": {
    "criteria": {
      "has_andesite": "2024-05-17 20:18:45 +0000"
    },
    "done": true
  },
  "minecraft:recipes/building_blocks/andesite_slab": {
    "criteria": {
      "has_andesite": "2024-05-17 20:18:45 +0000"
    },
    "done": true
  },
  "minecraft:recipes/building_blocks/polished_andesite_stairs_from_andesite_stonecutting": {
    "criteria": {
      "has_andesite": "2024-05-17 20:18:45 +0000"
    },
    "done": true
  },
  "minecraft:recipes/building_blocks/polished_deepslate": {
    "criteria": {
      "has_cobbled_deepslate": "2024-05-17 20:18:55 +0000"
    },
    "done": true
  },
  "minecraft:recipes/building_blocks/deepslate_tile_stairs_from_cobbled_deepslate_stonecutting": {
    "criteria": {
      "has_cobbled_deepslate": "2024-05-17 20:18:55 +0000"
    },
    "done": true
  },
  "minecraft:recipes/building_blocks/deepslate_brick_stairs_from_cobbled_deepslate_stonecutting": {
    "criteria": {
      "has_cobbled_deepslate": "2024-05-17 20:18:55 +0000"
    },
    "done": true
  },
  "minecraft:recipes/building_blocks/chiseled_deepslate_from_cobbled_deepslate_stonecutting": {
    "criteria": {
      "has_cobbled_deepslate": "2024-05-17 20:18:55 +0000"
    },
    "done": true
  },
  "minecraft:recipes/building_blocks/cobbled_deepslate_slab": {
    "criteria": {
      "has_cobbled_deepslate": "2024-05-17 20:18:55 +0000"
    },
    "done": true
  },
  "minecraft:recipes/decorations/cobbled_deepslate_wall_from_cobbled_deepslate_stonecutting": {
    "criteria": {
      "has_cobbled_deepslate": "2024-05-17 20:18:55 +0000"
    },
    "done": true
  },
  "minecraft:recipes/decorations/cobbled_deepslate_wall": {
    "criteria": {
      "has_cobbled_deepslate": "2024-05-17 20:18:55 +0000"
    },
    "done": true
  },
  "minecraft:recipes/decorations/polished_deepslate_wall_from_cobbled_deepslate_stonecutting": {
    "criteria": {
      "has_cobbled_deepslate": "2024-05-17 20:18:55 +0000"
    },
    "done": true
  },
  "minecraft:recipes/building_blocks/cobbled_deepslate_stairs_from_cobbled_deepslate_stonecutting": {
    "criteria": {
      "has_cobbled_deepslate": "2024-05-17 20:18:55 +0000"
    },
    "done": true
  },
  "minecraft:recipes/building_blocks/deepslate": {
    "criteria": {
      "has_cobbled_deepslate": "2024-05-17 20:18:55 +0000"
    },
    "done": true
  },
  "minecraft:recipes/building_blocks/polished_deepslate_stairs_from_cobbled_deepslate_stonecutting": {
    "criteria": {
      "has_cobbled_deepslate": "2024-05-17 20:18:55 +0000"
    },
    "done": true
  },
  "minecraft:recipes/decorations/deepslate_brick_wall_from_cobbled_deepslate_stonecutting": {
    "criteria": {
      "has_cobbled_deepslate": "2024-05-17 20:18:55 +0000"
    },
    "done": true
  },
  "minecraft:recipes/building_blocks/polished_deepslate_from_cobbled_deepslate_stonecutting": {
    "criteria": {
      "has_cobbled_deepslate": "2024-05-17 20:18:55 +0000"
    },
    "done": true
  },
  "minecraft:recipes/building_blocks/polished_deepslate_slab_from_cobbled_deepslate_stonecutting": {
    "criteria": {
      "has_cobbled_deepslate": "2024-05-17 20:18:55 +0000"
    },
    "done": true
  },
  "minecraft:recipes/building_blocks/deepslate_brick_slab_from_cobbled_deepslate_stonecutting": {
    "criteria": {
      "has_cobbled_deepslate": "2024-05-17 20:18:55 +0000"
    },
    "done": true
  },
  "minecraft:recipes/building_blocks/cobbled_deepslate_slab_from_cobbled_deepslate_stonecutting": {
    "criteria": {
      "has_cobbled_deepslate": "2024-05-17 20:18:55 +0000"
    },
    "done": true
  },
  "minecraft:recipes/building_blocks/deepslate_tile_slab_from_cobbled_deepslate_stonecutting": {
    "criteria": {
      "has_cobbled_deepslate": "2024-05-17 20:18:55 +0000"
    },
    "done": true
  },
  "minecraft:recipes/building_blocks/cobbled_deepslate_stairs": {
    "criteria": {
      "has_cobbled_deepslate": "2024-05-17 20:18:55 +0000"
    },
    "done": true
  },
  "minecraft:recipes/decorations/deepslate_tile_wall_from_cobbled_deepslate_stonecutting": {
    "criteria": {
      "has_cobbled_deepslate": "2024-05-17 20:18:55 +0000"
    },
    "done": true
  },
  "minecraft:recipes/building_blocks/deepslate_bricks_from_cobbled_deepslate_stonecutting": {
    "criteria": {
      "has_cobbled_deepslate": "2024-05-17 20:18:55 +0000"
    },
    "done": true
  },
  "minecraft:recipes/building_blocks/deepslate_tiles_from_cobbled_deepslate_stonecutting": {
    "criteria": {
      "has_cobbled_deepslate": "2024-05-17 20:18:55 +0000"
    },
    "done": true
  },
  "minecraft:recipes/misc/copper_ingot_from_blasting_raw_copper": {
    "criteria": {
      "has_raw_copper": "2024-05-17 20:21:10 +0000"
    },
    "done": true
  },
  "minecraft:recipes/building_blocks/raw_copper_block": {
    "criteria": {
      "has_raw_copper": "2024-05-17 20:21:10 +0000"
    },
    "done": true
  },
  "minecraft:recipes/misc/copper_ingot_from_smelting_raw_copper": {
    "criteria": {
      "has_raw_copper": "2024-05-17 20:21:10 +0000"
    },
    "done": true
  },
  "minecraft:recipes/redstone/repeater": {
    "criteria": {
      "has_redstone_torch": "2024-05-17 20:21:38 +0000"
    },
    "done": true
  },
  "minecraft:recipes/misc/blue_dye": {
    "criteria": {
      "has_lapis_lazuli": "2024-05-17 20:21:41 +0000"
    },
    "done": true
  },
  "minecraft:recipes/building_blocks/lapis_block": {
    "criteria": {
      "has_lapis_lazuli": "2024-05-17 20:21:41 +0000"
    },
    "done": true
  },
  "minecraft:recipes/misc/firework_rocket_simple": {
    "criteria": {
      "has_gunpowder": "2024-05-17 21:07:28 +0000"
    },
    "done": true
  },
  "minecraft:recipes/redstone/tnt": {
    "criteria": {
      "has_gunpowder": "2024-05-17 21:07:28 +0000"
    },
    "done": true
  },
  "minecraft:story/deflect_arrow": {
    "criteria": {
      "deflected_projectile": "2024-05-17 21:08:22 +0000"
    },
    "done": true
  },
  "securitycraft:recipes/redstone/reinforced_dispenser": {
    "criteria": {
      "has_bow": "2024-05-17 21:08:27 +0000"
    },
    "done": true
  },
  "minecraft:recipes/redstone/dispenser": {
    "criteria": {
      "has_bow": "2024-05-17 21:08:27 +0000"
    },
    "done": true
  },
  "minecraft:recipes/transportation/activator_rail": {
    "criteria": {
      "has_rail": "2024-05-17 21:08:38 +0000"
    },
    "done": true
  },
  "minecraft:recipes/transportation/detector_rail": {
    "criteria": {
      "has_rail": "2024-05-17 21:08:38 +0000"
    },
    "done": true
  },
  "minecraft:recipes/transportation/powered_rail": {
    "criteria": {
      "has_rail": "2024-05-17 21:08:38 +0000"
    },
    "done": true
  },
  "minecraft:recipes/combat/diamond_leggings": {
    "criteria": {
      "has_diamond": "2024-05-17 21:09:23 +0000"
    },
    "done": true
  },
  "minecraft:recipes/combat/diamond_sword": {
    "criteria": {
      "has_diamond": "2024-05-17 21:09:23 +0000"
    },
    "done": true
  },
  "minecraft:recipes/decorations/jukebox": {
    "criteria": {
      "has_diamond": "2024-05-17 21:09:23 +0000"
    },
    "done": true
  },
  "minecraft:recipes/combat/diamond_chestplate": {
    "criteria": {
      "has_diamond": "2024-05-17 21:09:23 +0000"
    },
    "done": true
  },
  "minecraft:recipes/tools/diamond_pickaxe": {
    "criteria": {
      "has_diamond": "2024-05-17 21:09:23 +0000"
    },
    "done": true
  },
  "minecraft:recipes/tools/diamond_hoe": {
    "criteria": {
      "has_diamond": "2024-05-17 21:09:23 +0000"
    },
    "done": true
  },
  "minecraft:recipes/tools/diamond_shovel": {
    "criteria": {
      "has_diamond": "2024-05-17 21:09:23 +0000"
    },
    "done": true
  },
  "minecraft:recipes/combat/diamond_boots": {
    "criteria": {
      "has_diamond": "2024-05-17 21:09:23 +0000"
    },
    "done": true
  },
  "minecraft:recipes/combat/diamond_helmet": {
    "criteria": {
      "has_diamond": "2024-05-17 21:09:23 +0000"
    },
    "done": true
  },
  "minecraft:recipes/building_blocks/diamond_block": {
    "criteria": {
      "has_diamond": "2024-05-17 21:09:23 +0000"
    },
    "done": true
  },
  "minecraft:story/mine_diamond": {
    "criteria": {
      "diamond": "2024-05-17 21:09:23 +0000"
    },
    "done": true
  },
  "minecraft:recipes/tools/diamond_axe": {
    "criteria": {
      "has_diamond": "2024-05-17 21:09:23 +0000"
    },
    "done": true
  },
  "securitycraft:recipes/tools/universal_owner_changer": {
    "criteria": {
      "has_name_tag": "2024-05-17 21:10:42 +0000"
    },
    "done": true
  },
  "minecraft:recipes/decorations/painting": {
    "criteria": {
      "has_wool": "2024-05-17 21:12:51 +0000"
    },
    "done": true
  },
  "minecraft:recipes/decorations/white_carpet": {
    "criteria": {
      "has_white_wool": "2024-05-17 21:12:51 +0000"
    },
    "done": true
  },
  "minecraft:recipes/decorations/white_banner": {
    "criteria": {
      "has_white_wool": "2024-05-17 21:12:51 +0000"
    },
    "done": true
  },
  "minecraft:recipes/decorations/white_bed": {
    "criteria": {
      "has_white_wool": "2024-05-17 21:12:51 +0000"
    },
    "done": true
  },
  "minecraft:recipes/decorations/fletching_table": {
    "criteria": {
      "has_flint": "2024-05-17 21:19:55 +0000"
    },
    "done": true
  },
  "minecraft:recipes/tools/golden_axe": {
    "criteria": {
      "has_gold_ingot": "2024-05-17 21:18:00 +0000"
    },
    "done": true
  },
  "minecraft:recipes/tools/golden_pickaxe": {
    "criteria": {
      "has_gold_ingot": "2024-05-17 21:18:00 +0000"
    },
    "done": true
  },
  "minecraft:recipes/misc/gold_nugget": {
    "criteria": {
      "has_gold_ingot": "2024-05-17 21:18:00 +0000"
    },
    "done": true
  },
  "minecraft:recipes/tools/golden_shovel": {
    "criteria": {
      "has_gold_ingot": "2024-05-17 21:18:00 +0000"
    },
    "done": true
  },
  "minecraft:recipes/food/golden_apple": {
    "criteria": {
      "has_gold_ingot": "2024-05-17 21:18:00 +0000"
    },
    "done": true
  },
  "minecraft:recipes/combat/golden_boots": {
    "criteria": {
      "has_gold_ingot": "2024-05-17 21:18:00 +0000"
    },
    "done": true
  },
  "minecraft:recipes/combat/arrow": {
    "criteria": {
      "has_flint": "2024-05-17 21:19:55 +0000"
    },
    "done": true
  },
  "minecraft:recipes/combat/golden_helmet": {
    "criteria": {
      "has_gold_ingot": "2024-05-17 21:18:00 +0000"
    },
    "done": true
  },
  "minecraft:recipes/combat/golden_chestplate": {
    "criteria": {
      "has_gold_ingot": "2024-05-17 21:18:00 +0000"
    },
    "done": true
  },
  "minecraft:recipes/redstone/light_weighted_pressure_plate": {
    "criteria": {
      "has_gold_ingot": "2024-05-17 21:18:00 +0000"
    },
    "done": true
  },
  "minecraft:recipes/tools/flint_and_steel": {
    "criteria": {
      "has_flint": "2024-05-17 21:19:55 +0000"
    },
    "done": true
  },
  "minecraft:recipes/combat/golden_sword": {
    "criteria": {
      "has_gold_ingot": "2024-05-17 21:18:00 +0000"
    },
    "done": true
  },
  "minecraft:recipes/building_blocks/gold_block": {
    "criteria": {
      "has_gold_ingot": "2024-05-17 21:18:00 +0000"
    },
    "done": true
  },
  "minecraft:recipes/tools/golden_hoe": {
    "criteria": {
      "has_gold_ingot": "2024-05-17 21:18:00 +0000"
    },
    "done": true
  },
  "minecraft:recipes/combat/golden_leggings": {
    "criteria": {
      "has_gold_ingot": "2024-05-17 21:18:00 +0000"
    },
    "done": true
  },
  "DataVersion": 3465
}